-- phpMyAdmin SQL Dump
-- version 4.1.11
-- http://www.phpmyadmin.net
--
-- Host: 50.62.209.83:3306
-- Generation Time: Apr 27, 2014 at 08:28 PM
-- Server version: 5.5.33-log
-- PHP Version: 5.4.23

SET SQL_MODE = "NO_AUTO_VALUE_ON_ZERO";
SET time_zone = "+00:00";


/*!40101 SET @OLD_CHARACTER_SET_CLIENT=@@CHARACTER_SET_CLIENT */;
/*!40101 SET @OLD_CHARACTER_SET_RESULTS=@@CHARACTER_SET_RESULTS */;
/*!40101 SET @OLD_COLLATION_CONNECTION=@@COLLATION_CONNECTION */;
/*!40101 SET NAMES utf8 */;

--
-- Database: `pitchhub`
--

-- --------------------------------------------------------

--
-- Table structure for table `college`
--

CREATE TABLE IF NOT EXISTS `college` (
  `id` int(20) NOT NULL AUTO_INCREMENT,
  `userid` int(20) NOT NULL,
  `college` varchar(50) NOT NULL,
  `graduationyear` smallint(4) NOT NULL,
  `degree` varchar(20) NOT NULL,
  `major` varchar(50) NOT NULL,
  PRIMARY KEY (`id`),
  UNIQUE KEY `id` (`id`)
) ENGINE=MyISAM  DEFAULT CHARSET=utf8 AUTO_INCREMENT=21 ;

--
-- Dumping data for table `college`
--

INSERT INTO `college` (`id`, `userid`, `college`, `graduationyear`, `degree`, `major`) VALUES
(1, 1, 'USC', 2014, 'BS', 'Computer Science'),
(2, 1, '', 0, '', ''),
(3, 1, '', 0, '', ''),
(4, 1, '', 0, '', ''),
(5, 1, '', 0, '', ''),
(6, 2, '', 0, '', ''),
(7, 2, '', 0, '', ''),
(8, 2, '', 0, '', ''),
(9, 2, '', 0, '', ''),
(10, 2, '', 0, '', ''),
(11, 4, '', 0, '', ''),
(12, 4, '', 0, '', ''),
(13, 4, '', 0, '', ''),
(14, 4, '', 0, '', ''),
(15, 4, '', 0, '', ''),
(16, 8, '', 0, '', ''),
(17, 8, '', 0, '', ''),
(18, 8, '', 0, '', ''),
(19, 8, '', 0, '', ''),
(20, 8, '', 0, '', '');

-- --------------------------------------------------------

--
-- Table structure for table `colleges`
--

CREATE TABLE IF NOT EXISTS `colleges` (
  `ID` int(11) NOT NULL AUTO_INCREMENT,
  `collegename` char(100) DEFAULT NULL,
  PRIMARY KEY (`ID`)
) ENGINE=InnoDB  DEFAULT CHARSET=utf8 AUTO_INCREMENT=2135 ;

--
-- Dumping data for table `colleges`
--

INSERT INTO `colleges` (`ID`, `collegename`) VALUES
(1, 'Air University'),
(2, 'Alabama A&M University'),
(3, 'Alabama State University'),
(4, 'Amridge University'),
(5, 'Athens State University'),
(6, 'Auburn University'),
(7, 'Auburn University at Montgomery'),
(8, 'Birmingham-Southern College'),
(9, 'Concordia College–Alabama'),
(10, 'Faulkner University'),
(11, 'Huntingdon College'),
(12, 'Jacksonville State University'),
(13, 'Judson College'),
(14, 'Miles College'),
(15, 'Oakwood University'),
(16, 'Samford University'),
(17, 'Southeastern Bible College'),
(18, 'Spring Hill College'),
(19, 'Stillman College'),
(20, 'Talladega College'),
(21, 'Troy University'),
(22, 'Tuskegee University'),
(23, 'United States Sports Academy'),
(24, 'University of Alabama Birmingham'),
(25, 'University of Alabama Huntsville'),
(26, 'University of Alabama Tuscaloosa'),
(27, 'University of Mobile'),
(28, 'University of Montevallo'),
(29, 'University of North Alabama'),
(30, 'University of South Alabama'),
(31, 'University of West Alabama'),
(32, 'Alaska Bible College'),
(33, 'Alaska Pacific University'),
(34, 'University of Alaska Anchorage'),
(35, 'University of Alaska Fairbanks'),
(36, 'University of Alaska Southeast (Juneau)'),
(37, 'A.T. Still University of Health Sciences'),
(38, 'American Indian College of the Assemblies of God'),
(39, 'Arizona Christian University'),
(40, 'Arizona State University Downtown Phoenix Campus'),
(41, 'Arizona State University Polytechnic Campus'),
(42, 'Arizona State University West Campus'),
(43, 'Art Center Design College'),
(44, 'DeVry University–Phoenix'),
(45, 'Embry-Riddle Aeronautical University'),
(46, 'Frank Lloyd Wright School of Architecture'),
(47, 'Grand Canyon University'),
(48, 'Midwestern University-Glendale campus'),
(49, 'Northcentral University'),
(50, 'Northern Arizona University'),
(51, 'Prescott College'),
(52, 'Southwest College of Naturopathic Medicine & Health Sciences'),
(53, 'Thunderbird School of Global Management'),
(54, 'University of Advancing Technology'),
(55, 'University of Arizona'),
(56, 'University of Phoenix'),
(57, 'Western InterNational University'),
(58, 'Arkansas Baptist College'),
(59, 'Arkansas State University'),
(60, 'Arkansas Tech University'),
(61, 'Central Baptist College'),
(62, 'Crowley''s Ridge College'),
(63, 'Harding University'),
(64, 'Henderson State University'),
(65, 'Hendrix College'),
(66, 'John Brown University'),
(67, 'Lyon College'),
(68, 'Ouachita Baptist University'),
(69, 'Philander Smith College'),
(70, 'Southern Arkansas University'),
(71, 'University of Arkansas Fayetteville'),
(72, 'University of Arkansas Fort Smith'),
(73, 'University of Arkansas Little Rock'),
(74, 'University of Arkansas Medical Sciences'),
(75, 'University of Arkansas Monticello'),
(76, 'University of Arkansas Pine Bluff'),
(77, 'University of Central Arkansas'),
(78, 'University of the Ozarks'),
(79, 'Williams Baptist College'),
(80, 'Academy of Art University'),
(81, 'Alliant InterNational University'),
(82, 'American Conservatory Theater'),
(83, 'American Film Institute'),
(84, 'American Jewish University'),
(85, 'Antioch University–Los Angeles'),
(86, 'Antioch University–Santa Barbara'),
(87, 'Art Center College of Design'),
(88, 'Azusa Pacific University'),
(89, 'Bethesda University of California'),
(90, 'Biola University'),
(91, 'Brandman University'),
(92, 'California Baptist University'),
(93, 'California College of the Arts'),
(94, 'California Institute of the Arts'),
(95, 'California Institute of Integral Studies'),
(96, 'California Institute of Technology'),
(97, 'California Lutheran University'),
(98, 'California Maritime Academy'),
(99, 'California Polytechnic State University, San Luis Obispo'),
(100, 'California State Polytechnic University, Pomona'),
(101, 'California State University Bakersfield'),
(102, 'California State University Channel Islands'),
(103, 'California State University Chico'),
(104, 'California State University Dominguez Hills'),
(105, 'California State University East Bay'),
(106, 'California State University Fresno'),
(107, 'California State University Fullerton'),
(108, 'California State University Long Beach'),
(109, 'California State University Los Angeles'),
(110, 'California State University Monterey Bay'),
(111, 'California State University Northridge'),
(112, 'California State University Sacramento'),
(113, 'California State University San Bernardino'),
(114, 'California State University San Marcos'),
(115, 'California State University Stanislaus'),
(116, 'Humboldt State University'),
(117, 'San Diego State University'),
(118, 'San Francisco State University'),
(119, 'San José State University'),
(120, 'Sonoma State University'),
(121, 'Chapman University'),
(122, 'Charles R. Drew University of Medicine & Science'),
(123, 'Church Divinity School of the Pacific'),
(124, 'Claremont Graduate University'),
(125, 'Claremont McKenna College'),
(126, 'Harvey Mudd College'),
(127, 'Keck Graduate Institute of Applied Life Sciences'),
(128, 'Pitzer College'),
(129, 'Pomona College'),
(130, 'Scripps College'),
(131, 'Claremont School of Theology'),
(132, 'Cogswell Polytechnical College'),
(133, 'Concordia University–Irvine'),
(134, 'DeVry University–Long Beach'),
(135, 'DeVry University–Pomona'),
(136, 'Dominican School of Philosophy & Theology'),
(137, 'Dominican University of California'),
(138, 'Fashion Institute of Design & Merchandising'),
(139, 'Fielding Graduate University'),
(140, 'Franciscan School of Theology'),
(141, 'Fresno Pacific University'),
(142, 'Fuller Theological Seminary'),
(143, 'Golden Gate Baptist Theological Seminary'),
(144, 'Golden Gate University'),
(145, 'Graduate Theological Union'),
(146, 'Hebrew Union College-Jewish Institute of Religion'),
(147, 'Holy Names University'),
(148, 'Hope InterNational University'),
(149, 'Humphreys College'),
(150, 'Irell & Manella Graduate School of Biological Sciences'),
(151, 'John F. Kennedy University'),
(152, 'La Sierra University'),
(153, 'Laguna College of Art & Design'),
(154, 'Life Pacific College'),
(155, 'Loma Linda University'),
(156, 'Loyola Marymount University'),
(157, 'Marymount California University'),
(158, 'The Master''s College'),
(159, 'The Master''s Seminary'),
(160, 'Menlo College'),
(161, 'Mills College'),
(162, 'Mount Saint Mary''s College'),
(163, 'National Hispanic University'),
(164, 'National University'),
(165, 'Naval Postgraduate School'),
(166, 'Notre Dame de Namur University'),
(167, 'Occidental College'),
(168, 'Olivet University'),
(169, 'Otis College of Art & Design'),
(170, 'Pacific Oaks College'),
(171, 'Pacific School of Religion'),
(172, 'Pacific Union College'),
(173, 'Pacifica Graduate Institute'),
(174, 'Palo Alto University'),
(175, 'Pardee Rand Graduate School'),
(176, 'Patten University'),
(177, 'Pepperdine University'),
(178, 'Phillips Graduate Institute'),
(179, 'Point Loma Nazarene University'),
(180, 'Saint John''s Seminary'),
(181, 'Saint Mary''s College of California'),
(182, 'Saint Patrick''s Seminary & University'),
(183, 'Samuel Merritt University'),
(184, 'San Diego Christian College'),
(185, 'San Francisco Art Institute'),
(186, 'San Francisco Conservatory of Music'),
(187, 'San Francisco Theological Seminary'),
(188, 'San Joaquin College of Law'),
(189, 'Santa Clara University'),
(190, 'Saybrook University'),
(191, 'Scripps Research Institute'),
(192, 'Simpson University'),
(193, 'Sofia University'),
(194, 'Soka University of America'),
(195, 'Southern California College of Optometry'),
(196, 'Southern California Institute of Architecture'),
(197, 'Southern California University of Health Sciences'),
(198, 'Stanford University'),
(199, 'Thomas Aquinas College'),
(200, 'Touro College Los Angeles'),
(201, 'Touro University California'),
(202, 'Touro University Worldwide'),
(203, 'Trident University InterNational'),
(204, 'United States University'),
(205, 'University of California Berkeley'),
(206, 'University of California Davis'),
(207, 'University of California Hastings College of the Law'),
(208, 'University of California Irvine'),
(209, 'University of California Los Angeles'),
(210, 'University of California Merced'),
(211, 'University of California Riverside'),
(212, 'University of California San Diego'),
(213, 'University of California San Francisco'),
(214, 'University of California Santa Barbara'),
(215, 'University of California Santa Cruz'),
(216, 'University of La Verne'),
(217, 'University of the Pacific'),
(218, 'University of Redlands'),
(219, 'University of San Diego'),
(220, 'University of San Francisco'),
(221, 'University of Southern California'),
(222, 'University of the West'),
(223, 'Vanguard University of Southern California'),
(224, 'Western State University College of Law'),
(225, 'Western University of Health Sciences'),
(226, 'Westminster Seminary California'),
(227, 'Westmont College'),
(228, 'Whittier College'),
(229, 'William Jessup University'),
(230, 'Woodbury University'),
(231, 'The Wright Institute'),
(232, 'Adams State College'),
(233, 'Art Institute of Colorado'),
(234, 'College for Financial Planning'),
(235, 'Colorado Christian University'),
(236, 'Colorado College'),
(237, 'Colorado Mesa University'),
(238, 'Colorado School of Mines'),
(239, 'Colorado State University'),
(240, 'Colorado State University–Pueblo'),
(241, 'Colorado Technical University'),
(242, 'Denver Seminary'),
(243, 'Fort Lewis College'),
(244, 'Iliff School of Theology'),
(245, 'Jones InterNational University'),
(246, 'Metropolitan State College of Denver'),
(247, 'Naropa University'),
(248, 'Nazarene Bible College'),
(249, 'Regis University'),
(250, 'Rocky Mountain College of Art & Design'),
(251, 'United States Air Force Academy'),
(252, 'University of Colorado Boulder'),
(253, 'University of Colorado Colorado Springs'),
(254, 'University of Colorado Denver'),
(255, 'University of Denver'),
(256, 'University of Northern Colorado'),
(257, 'University of the Rockies'),
(258, 'Western State Colorado University'),
(259, 'Albertus Magnus College'),
(260, 'Central Connecticut State University'),
(261, 'Charter Oak State College'),
(262, 'Connecticut College'),
(263, 'Eastern Connecticut State University'),
(264, 'Fairfield University'),
(265, 'Goodwin College'),
(266, 'Hartford Seminary'),
(267, 'Holy Apostles College & Seminary'),
(268, 'Lincoln College of New England'),
(269, 'Lyme Academy College of Fine Arts'),
(270, 'Mitchell College'),
(271, 'Post University'),
(272, 'Quinnipiac University'),
(273, 'Sacred Heart University'),
(274, 'Saint Joseph College'),
(275, 'Saint Vincent''s College'),
(276, 'Southern Connecticut State University'),
(277, 'Trinity College'),
(278, 'United States Coast Guard Academy'),
(279, 'University of Bridgeport'),
(280, 'University of Connecticut'),
(281, 'University of Hartford'),
(282, 'University of New Haven'),
(283, 'Wesleyan University'),
(284, 'Western Connecticut State University'),
(285, 'Yale University'),
(286, 'Delaware State University'),
(287, 'Goldey-Beacom College'),
(288, 'University of Delaware'),
(289, 'Wesley College'),
(290, 'Wilmington University'),
(291, 'American University'),
(292, 'The Catholic University of America'),
(293, 'Corcoran College of Art & Design'),
(294, 'Dominican House of Studies'),
(295, 'Gallaudet University'),
(296, 'George Washington University'),
(297, 'Georgetown University'),
(298, 'Howard University'),
(299, 'Institute of World Politics'),
(300, 'National Defense University'),
(301, 'National Intelligence University'),
(302, 'Potomac College'),
(303, 'Strayer University'),
(304, 'Trinity University'),
(305, 'University of the District of Columbia'),
(306, 'Washington Theological Union'),
(307, 'Wesley Theological Seminary'),
(308, 'Adventist University of Health Sciences'),
(309, 'Ave Maria University'),
(310, 'The Baptist College of Florida'),
(311, 'Barry University'),
(312, 'Beacon College'),
(313, 'Bethune-Cookman University'),
(314, 'Carlos Albizu University–Miami Campus'),
(315, 'Clearwater Christian College'),
(316, 'DeVry University–Orlando'),
(317, 'Eckerd College'),
(318, 'Edward Waters College'),
(319, 'Everglades University'),
(320, 'Flagler College'),
(321, 'Florida College'),
(322, 'Broward College'),
(323, 'Chipola College'),
(324, 'College of Central Florida'),
(325, 'Daytona State College'),
(326, 'Eastern Florida State College'),
(327, 'Edison State College'),
(328, 'Florida State College at Jacksonville'),
(329, 'Gulf Coast State College'),
(330, 'Indian River State College'),
(331, 'Lake-Sumter State College'),
(332, 'Miami Dade College'),
(333, 'Northwest Florida State College'),
(334, 'Palm Beach State College'),
(335, 'Pensacola State College'),
(336, 'Polk State College'),
(337, 'Saint Johns River State College'),
(338, 'Saint Petersburg College'),
(339, 'Santa Fe College'),
(340, 'Seminole State College of Florida'),
(341, 'State College of Florida, Manatee-Sarasota'),
(342, 'Valencia College'),
(343, 'Florida Institute of Technology'),
(344, 'Florida Memorial University'),
(345, 'Florida National University'),
(346, 'Florida Southern College'),
(347, 'Hobe Sound Bible College'),
(348, 'Hodges University'),
(349, 'Jacksonville University'),
(350, 'Johnson University Florida'),
(351, 'Keiser University'),
(352, 'Lynn University'),
(353, 'Miami InterNational University of Art & Design'),
(354, 'Northwood University'),
(355, 'Nova Southeastern University'),
(356, 'Palm Beach Atlantic University'),
(357, 'Rasmussen College'),
(358, 'Ringling College of Art & Design'),
(359, 'Rollins College'),
(360, 'Saint John Vianney College Seminary'),
(361, 'Saint Leo University'),
(362, 'Saint Thomas University'),
(363, 'Saint Vincent de Paul Regional Seminary'),
(364, 'South Florida Bible College & Theological Seminary'),
(365, 'Southeastern University'),
(366, 'Florida Agricultural & Mechanical University'),
(367, 'Florida Atlantic University'),
(368, 'Florida Gulf Coast University'),
(369, 'Florida InterNational University'),
(370, 'Florida State University'),
(371, 'New College of Florida'),
(372, 'University of Central Florida'),
(373, 'University of Florida'),
(374, 'University of North Florida'),
(375, 'University of South Florida'),
(376, 'University of South Florida Saint Petersburg'),
(377, 'University of South Florida Sarasota–Manatee'),
(378, 'University of West Florida'),
(379, 'Stetson University'),
(380, 'Trinity College of Florida'),
(381, 'University of Miami'),
(382, 'University of Tampa'),
(383, 'Warner University'),
(384, 'Webber InterNational University'),
(385, 'Agnes Scott College'),
(386, 'Art Institute of Atlanta'),
(387, 'Bauder College'),
(388, 'Berry College'),
(389, 'Beulah Heights University'),
(390, 'Brenau University'),
(391, 'Brewton-Parker College'),
(392, 'Clark Atlanta University'),
(393, 'Columbia Theological Seminary'),
(394, 'Covenant College'),
(395, 'DeVry University–Georgia'),
(396, 'Emmanuel College'),
(397, 'Emory University'),
(398, 'InterdenomiNational Theological Center'),
(399, 'LaGrange College'),
(400, 'Life University'),
(401, 'Mercer University'),
(402, 'Morehouse College'),
(403, 'Morehouse School of Medicine'),
(404, 'Oglethorpe University'),
(405, 'Paine College'),
(406, 'Piedmont College'),
(407, 'Point University'),
(408, 'Reinhardt University'),
(409, 'Savannah College of Art & Design'),
(410, 'Shorter College'),
(411, 'South University'),
(412, 'Spelman College'),
(413, 'Thomas University'),
(414, 'Toccoa Falls College'),
(415, 'Truett-McConnell College'),
(416, 'Abraham Baldwin Agricultural College'),
(417, 'Albany State University'),
(418, 'Armstrong Atlantic State University'),
(419, 'Augusta State University'),
(420, 'Clayton State University'),
(421, 'College of Coastal Georgia'),
(422, 'Columbus State University'),
(423, 'Dalton State College'),
(424, 'Fort Valley State University'),
(425, 'Georgia College & State University'),
(426, 'Georgia Gwinnett College'),
(427, 'Georgia Institute of Technology'),
(428, 'Georgia Regents University'),
(429, 'Georgia Southern University'),
(430, 'Georgia Southwestern State University'),
(431, 'Georgia State University'),
(432, 'Gordon State College'),
(433, 'Kennesaw State University'),
(434, 'Middle Georgia State College'),
(435, 'Savannah State University'),
(436, 'South Georgia State College'),
(437, 'Southern Polytechnic State University'),
(438, 'University of Georgia'),
(439, 'University of North Georgia'),
(440, 'University of West Georgia'),
(441, 'Valdosta State University'),
(442, 'Wesleyan College'),
(443, 'Young Harris College'),
(444, 'Brigham Young University–Hawaii'),
(445, 'Chaminade University'),
(446, 'Hawaii Pacific University'),
(447, 'University of Hawaii Hilo'),
(448, 'University of Hawaii Manoa'),
(449, 'University of Hawaii Maui College'),
(450, 'University of Hawaii West Oahu'),
(451, 'Boise State University'),
(452, 'Brigham Young University–Idaho'),
(453, 'The College of Idaho'),
(454, 'Idaho State University'),
(455, 'Lewis-Clark State College'),
(456, 'Northwest Nazarene University'),
(457, 'University of Idaho'),
(458, 'Adler School of Professional Psychology'),
(459, 'American Academy of Art'),
(460, 'American College of Education'),
(461, 'American InterContinental University'),
(462, 'Argosy University'),
(463, 'Augustana College'),
(464, 'Aurora University'),
(465, 'Benedictine University'),
(466, 'Blackburn College'),
(467, 'Blessing-Rieman College of Nursing'),
(468, 'Bradley University'),
(469, 'Catholic Theological Union'),
(470, 'Chamberlain College of Nursing'),
(471, 'The Chicago School of Professional Psychology'),
(472, 'Chicago State University'),
(473, 'Chicago Theological Seminary'),
(474, 'Columbia College Chicago'),
(475, 'Concordia University–Chicago'),
(476, 'DePaul University'),
(477, 'DeVry University'),
(478, 'DeVry University–Addison'),
(479, 'DeVry University–Chicago'),
(480, 'Dominican University'),
(481, 'East-West University'),
(482, 'Eastern Illinois University'),
(483, 'Ellis University'),
(484, 'Elmhurst College'),
(485, 'Erikson Institute'),
(486, 'Eureka College'),
(487, 'Garrett-Evangelical Theological Seminary'),
(488, 'Governors State University'),
(489, 'Greenville College'),
(490, 'Harrington College of Design'),
(491, 'Hebrew Theological College'),
(492, 'Illinois College'),
(493, 'Illinois College of Optometry'),
(494, 'Illinois Institute of Art'),
(495, 'Illinois Institute of Art–Schaumburg'),
(496, 'Illinois Institute of Technology'),
(497, 'Illinois State University'),
(498, 'Illinois Wesleyan University'),
(499, 'Institute for Clinical Social Work'),
(500, 'John Marshall Law School'),
(501, 'Judson University'),
(502, 'Kendall College'),
(503, 'Knowledge Systems Institute'),
(504, 'Knox College'),
(505, 'Lake Forest College'),
(506, 'Lake Forest Graduate School of Management'),
(507, 'Lakeview College of Nursing'),
(508, 'Lewis University'),
(509, 'Lexington College'),
(510, 'Lincoln Christian University'),
(511, 'Lincoln College'),
(512, 'Loyola University Chicago'),
(513, 'Lutheran School of Theology at Chicago'),
(514, 'MacMurray College'),
(515, 'McCormick Theological Seminary'),
(516, 'McKendree University'),
(517, 'Methodist College'),
(518, 'MidState College'),
(519, 'Midwestern University'),
(520, 'Millikin University'),
(521, 'Monmouth College'),
(522, 'Moody Bible Institute'),
(523, 'National University of Health Sciences'),
(524, 'National-Louis University'),
(525, 'North Central College'),
(526, 'North Park University'),
(527, 'Northeastern Illinois University'),
(528, 'Northern Baptist Theological Seminary'),
(529, 'Northern Illinois University'),
(530, 'Northwestern University'),
(531, 'Olivet Nazarene University'),
(532, 'Principia College'),
(533, 'Quincy University'),
(534, 'Resurrection University'),
(535, 'Robert Morris University–Illinois'),
(536, 'Rockford University'),
(537, 'Roosevelt University'),
(538, 'Rosalind Franklin University of Medicine & Science'),
(539, 'Rush University'),
(540, 'Saint Anthony College of Nursing'),
(541, 'Saint Augustine College'),
(542, 'Saint Francis Medical Center College of Nursing'),
(543, 'Saint John''s College'),
(544, 'Saint Xavier University'),
(545, 'School of the Art Institute of Chicago'),
(546, 'Shimer College'),
(547, 'Southern Illinois University Carbondale'),
(548, 'Southern Illinois University Edwardsville'),
(549, 'Spertus Institute of Jewish Studies'),
(550, 'Toyota Technological Institute at Chicago'),
(551, 'Trinity Christian College'),
(552, 'Trinity College of Nursing & Health Sciences'),
(553, 'Trinity InterNational University'),
(554, 'University of Chicago'),
(555, 'University of Illinois Chicago'),
(556, 'University of Illinois Springfield'),
(557, 'University of Illinois Urbana-Champaign'),
(558, 'University of St. Francis'),
(559, 'VanderCook College of Music'),
(560, 'Western Illinois University'),
(561, 'Wheaton College'),
(562, 'Anderson University'),
(563, 'Associated Mennonite Biblical Seminary'),
(564, 'Ball State University'),
(565, 'Bethany Theological Seminary'),
(566, 'Bethel College'),
(567, 'Butler University'),
(568, 'Calumet College of Saint Joseph'),
(569, 'Christian Theological Seminary'),
(570, 'Concordia Theological Seminary'),
(571, 'DePauw University'),
(572, 'Earlham College'),
(573, 'Franklin College'),
(574, 'Goshen College'),
(575, 'Grace College & Seminary'),
(576, 'Hanover College'),
(577, 'Holy Cross College'),
(578, 'Huntington University'),
(579, 'Indiana Institute of Technology'),
(580, 'Indiana State University'),
(581, 'Indiana University–Bloomington'),
(582, 'Indiana University–East'),
(583, 'Indiana University–Kokomo'),
(584, 'Indiana University–Northwest'),
(585, 'Indiana University–South Bend'),
(586, 'Indiana University–Southeast'),
(587, 'Indiana University/Purdue University at Columbus'),
(588, 'Indiana University/Purdue University at Fort Wayne'),
(589, 'Indiana University/Purdue University at Indianapolis'),
(590, 'Indiana Wesleyan University'),
(591, 'Manchester University'),
(592, 'Marian University'),
(593, 'Martin University'),
(594, 'Oakland City University'),
(595, 'Purdue University'),
(596, 'Purdue University–Calumet'),
(597, 'Purdue University–North Central'),
(598, 'College of Technology–Anderson/Muncie'),
(599, 'College of Technology–Columbus/Greensburg'),
(600, 'College of Technology–Indianapolis'),
(601, 'College of Technology–Kokomo'),
(602, 'College of Technology–Lafayette'),
(603, 'College of Technology–New Albany'),
(604, 'College of Technology–Richmond'),
(605, 'College of Technology–South Bend/Elkhart'),
(606, 'Rose-Hulman Institute of Technology'),
(607, 'Saint Joseph''s College'),
(608, 'Saint Mary-of-the-Woods College'),
(609, 'Saint Mary''s College'),
(610, 'Saint Meinrad Seminary & School of Theology'),
(611, 'Taylor University'),
(612, 'TCM InterNational Institute'),
(613, 'Trine University'),
(614, 'University of Evansville'),
(615, 'University of Indianapolis'),
(616, 'University of Notre Dame'),
(617, 'University of Saint Francis'),
(618, 'University of Southern Indiana'),
(619, 'Valparaiso University'),
(620, 'Vincennes University'),
(621, 'Wabash College'),
(622, 'Western Governors University–Indiana'),
(623, 'AIB College of Business'),
(624, 'Allen College'),
(625, 'Ashford University'),
(626, 'Briar Cliff University'),
(627, 'Buena Vista University'),
(628, 'Central College'),
(629, 'Clarke University'),
(630, 'Coe College'),
(631, 'Cornell College'),
(632, 'Des Moines University-Osteopathic Medical Center'),
(633, 'Divine Word College'),
(634, 'Dordt College'),
(635, 'Drake University'),
(636, 'Emmaus Bible College'),
(637, 'Faith Baptist Bible College & Theological Seminary'),
(638, 'Graceland University'),
(639, 'Grand View University'),
(640, 'Grinnell College'),
(641, 'Iowa State University'),
(642, 'Iowa Wesleyan College'),
(643, 'Kaplan University'),
(644, 'Loras College'),
(645, 'Luther College'),
(646, 'Maharishi University of Management'),
(647, 'Mercy College of Health Sciences'),
(648, 'Morningside College'),
(649, 'Mount Mercy University'),
(650, 'Northwestern College'),
(651, 'Palmer College of Chiropractic'),
(652, 'Saint Ambrose University'),
(653, 'Simpson College'),
(654, 'University of Dubuque'),
(655, 'University of Iowa'),
(656, 'University of Northern Iowa'),
(657, 'Upper Iowa University'),
(658, 'Waldorf College'),
(659, 'Wartburg College'),
(660, 'Wartburg Theological Seminary'),
(661, 'William Penn University'),
(662, 'Baker University'),
(663, 'Barclay College'),
(664, 'Benedictine College'),
(665, 'Bethany College'),
(666, 'Central Baptist Theological Seminary'),
(667, 'Central Christian College of Kansas'),
(668, 'Cleveland Chiropractic College'),
(669, 'Donnelly College'),
(670, 'Emporia State University'),
(671, 'Fort Hays State University'),
(672, 'Friends University'),
(673, 'Haskell Indian Nations University'),
(674, 'Kansas State University'),
(675, 'Kansas State University–Salina'),
(676, 'Kansas Wesleyan University'),
(677, 'Manhattan Christian College'),
(678, 'McPherson College'),
(679, 'MidAmerica Nazarene University'),
(680, 'Newman University'),
(681, 'Ottawa University'),
(682, 'Pittsburg State University'),
(683, 'Southwestern College'),
(684, 'Sterling College'),
(685, 'Tabor College'),
(686, 'United States Army Command & General Staff College'),
(687, 'University of Kansas'),
(688, 'University of Kansas Medical Center'),
(689, 'University of Saint Mary'),
(690, 'Washburn University'),
(691, 'Wichita State University'),
(692, 'Alice Lloyd College'),
(693, 'Asbury Theological Seminary'),
(694, 'Asbury University'),
(695, 'Bellarmine University'),
(696, 'Berea College'),
(697, 'Brescia University'),
(698, 'Campbellsville University'),
(699, 'Centre College'),
(700, 'Clear Creek Baptist Bible College'),
(701, 'Eastern Kentucky University'),
(702, 'Frontier Nursing University'),
(703, 'Georgetown College'),
(704, 'Kentucky Christian University'),
(705, 'Kentucky Mountain Bible College'),
(706, 'Kentucky State University'),
(707, 'Kentucky Wesleyan College'),
(708, 'Lindsey Wilson College'),
(709, 'Louisville Presbyterian Theological Seminary'),
(710, 'Mid-Continent University'),
(711, 'Midway College'),
(712, 'Morehead State University'),
(713, 'Murray State University'),
(714, 'Northern Kentucky University'),
(715, 'Saint Catharine College'),
(716, 'Southern Baptist Theological Seminary'),
(717, 'Spalding University'),
(718, 'Sullivan University'),
(719, 'Thomas More College'),
(720, 'Transylvania University'),
(721, 'Union College'),
(722, 'University of Kentucky'),
(723, 'University of Louisville'),
(724, 'University of Pikeville'),
(725, 'University of the Cumberlands'),
(726, 'Western Kentucky University'),
(727, 'Centenary College of Louisiana'),
(728, 'Dillard University'),
(729, 'Grambling State University'),
(730, 'Louisiana College'),
(731, 'Louisiana State University Alexandria'),
(732, 'Louisiana State University Baton Rouge'),
(733, 'Louisiana State University Health Sciences Center–New Orleans'),
(734, 'Louisiana State University Health Sciences Center–Shreveport'),
(735, 'Louisiana State University Law Center'),
(736, 'Louisiana State University Shreveport'),
(737, 'Louisiana State University University of New Orleans'),
(738, 'Louisiana Tech University'),
(739, 'Loyola University New Orleans'),
(740, 'McNeese State University'),
(741, 'New Orleans Baptist Theological Seminary'),
(742, 'Nicholls State University'),
(743, 'Northwestern State University of Louisiana'),
(744, 'Notre Dame Seminary'),
(745, 'Our Lady of Holy Cross College'),
(746, 'Our Lady of the Lake College'),
(747, 'Saint Joseph Seminary College'),
(748, 'Southeastern Louisiana University'),
(749, 'Southern University Baton Rouge'),
(750, 'Southern University New Orleans'),
(751, 'Tulane University'),
(752, 'University of Louisiana Lafayette'),
(753, 'University of Louisiana Monroe'),
(754, 'Xavier University of Louisiana'),
(755, 'Bangor Theological Seminary'),
(756, 'Bates College'),
(757, 'Bowdoin College'),
(758, 'Colby College'),
(759, 'College of the Atlantic'),
(760, 'Husson University'),
(761, 'Maine College of Art'),
(762, 'Maine Maritime Academy'),
(763, 'Saint Joseph''s College of Maine'),
(764, 'Thomas College'),
(765, 'Unity College'),
(766, 'University of Maine Augusta'),
(767, 'University of Maine Farmington'),
(768, 'University of Maine Fort Kent'),
(769, 'University of Maine Machias'),
(770, 'University of Maine Orono'),
(771, 'University of Maine Presque Isle'),
(772, 'University of Maine School of Law'),
(773, 'University of Southern Maine'),
(774, 'University of New England'),
(775, 'Capitol College'),
(776, 'College of Notre Dame of Maryland'),
(777, 'Goucher College'),
(778, 'Hood College'),
(779, 'Johns Hopkins University'),
(780, 'Loyola University Maryland'),
(781, 'Maryland Institute College of Art'),
(782, 'Maryland University of Integrative Health'),
(783, 'McDaniel College'),
(784, 'Morgan State University'),
(785, 'Mount Saint Mary''s University'),
(786, 'National Labor College'),
(787, 'Saint John''s College–Annapolis'),
(788, 'Saint Mary''s College of Maryland'),
(789, 'Saint Mary''s Seminary & University'),
(790, 'Soujourner-Douglass College'),
(791, 'Stevenson University'),
(792, 'Uniformed Services University of the Health Sciences'),
(793, 'United States Naval Academy'),
(794, 'Bowie State University'),
(795, 'Coppin State University'),
(796, 'Frostburg State University'),
(797, 'Salisbury University'),
(798, 'Towson University'),
(799, 'University of Baltimore'),
(800, 'University of Maryland–Baltimore'),
(801, 'University of Maryland–Baltimore County'),
(802, 'University of Maryland–College Park'),
(803, 'University of Maryland–Eastern Shore'),
(804, 'University of Maryland–University College'),
(805, 'Washington Adventist University'),
(806, 'Washington Bible College/Capital Bible Seminary'),
(807, 'Washington College'),
(808, 'American InterNational College'),
(809, 'Amherst College'),
(810, 'Andover Newton Theological School'),
(811, 'Anna Maria College'),
(812, 'Assumption College'),
(813, 'Babson College'),
(814, 'Bard College at Simon''s Rock'),
(815, 'Bay Path College'),
(816, 'Bay State College'),
(817, 'Becker College'),
(818, 'Benjamin Franklin Institute of Technology'),
(819, 'Bentley University'),
(820, 'Berklee College of Music'),
(821, 'Boston Architectural College'),
(822, 'Boston College'),
(823, 'Boston Conservatory'),
(824, 'Boston Graduate School of Psychoanalysis'),
(825, 'Boston University'),
(826, 'Brandeis University'),
(827, 'Cambridge College'),
(828, 'Clark University'),
(829, 'College of the Holy Cross'),
(830, 'Conway School of Landscape Design'),
(831, 'Curry College'),
(832, 'Dean College'),
(833, 'Eastern Nazarene College'),
(834, 'Elms College'),
(835, 'Emerson College'),
(836, 'Endicott College'),
(837, 'Fisher College'),
(838, 'Franklin W. Olin College of Engineering'),
(839, 'Gordon College'),
(840, 'Gordon-Conwell Theological Seminary'),
(841, 'Hampshire College'),
(842, 'Harvard University'),
(843, 'Hebrew College'),
(844, 'Hellenic College/Holy Cross Greek Orthodox School of Theology'),
(845, 'Hult InterNational Business School'),
(846, 'Labouré College'),
(847, 'Lasell College'),
(848, 'Lesley University'),
(849, 'Longy School of Music'),
(850, 'Massachusetts College of Pharmacy & Health Sciences'),
(851, 'Massachusetts Institute of Technology'),
(852, 'Massachusetts School of Law'),
(853, 'Massachusetts School of Professional Psychology'),
(854, 'Bridgewater State University'),
(855, 'Fitchburg State University'),
(856, 'Framingham State University'),
(857, 'Massachusetts College of Art & Design'),
(858, 'Massachusetts College of Liberal Arts'),
(859, 'Massachusetts Maritime Academy'),
(860, 'Salem State University'),
(861, 'Westfield State University'),
(862, 'Worcester State University'),
(863, 'Merrimack College'),
(864, 'MGH Institute of Health Professions'),
(865, 'Montserrat College of Art'),
(866, 'Mount Holyoke College'),
(867, 'Mount Ida College'),
(868, 'National Graduate School of Quality Management'),
(869, 'New England College of Business & Finance'),
(870, 'New England College of Optometry'),
(871, 'New England Conservatory of Music'),
(872, 'New England Institute of Art'),
(873, 'Newbury College'),
(874, 'Nichols College'),
(875, 'Northeastern University'),
(876, 'Pine Manor College'),
(877, 'Regis College'),
(878, 'Simmons College'),
(879, 'Smith College'),
(880, 'Springfield College'),
(881, 'Stonehill College'),
(882, 'Suffolk University'),
(883, 'Tufts University'),
(884, 'University of Massachusetts Amherst'),
(885, 'University of Massachusetts Boston'),
(886, 'University of Massachusetts Dartmouth'),
(887, 'University of Massachusetts Lowell'),
(888, 'University of Massachusetts Medical School at Worcester'),
(889, 'Wellesley College'),
(890, 'Wentworth Institute of Technology'),
(891, 'Western New England University'),
(892, 'Wheelock College'),
(893, 'Williams College'),
(894, 'Woods Hole Oceanographic Institution'),
(895, 'Worcester Polytechnic Institute'),
(896, 'Adrian College'),
(897, 'Albion College'),
(898, 'Alma College'),
(899, 'Andrews University'),
(900, 'Aquinas College'),
(901, 'Baker College'),
(902, 'Calvin College'),
(903, 'Central Michigan University'),
(904, 'Cleary University'),
(905, 'College for Creative Studies'),
(906, 'Concordia University–Ann Arbor'),
(907, 'Cornerstone University'),
(908, 'Cranbrook Academy of Art'),
(909, 'Davenport University'),
(910, 'Eastern Michigan University'),
(911, 'Ferris State University'),
(912, 'Kendall College of Art & Design'),
(913, 'Finlandia University'),
(914, 'Grace Bible College'),
(915, 'Grand Valley State University'),
(916, 'Great Lakes Christian College'),
(917, 'Hillsdale College'),
(918, 'Hope College'),
(919, 'Kalamazoo College'),
(920, 'Kettering University'),
(921, 'Kuyper College'),
(922, 'Lake Superior State University'),
(923, 'Lawrence Technological University'),
(924, 'Madonna University'),
(925, 'Marygrove College'),
(926, 'Michigan School of Professional Psychology'),
(927, 'Michigan State University'),
(928, 'Michigan Technological University'),
(929, 'Miller College'),
(930, 'Northern Michigan University'),
(931, 'Oakland University'),
(932, 'Olivet College'),
(933, 'Rochester College'),
(934, 'Sacred Heart Major Seminary'),
(935, 'Saginaw Valley State University'),
(936, 'Siena Heights University'),
(937, 'Spring Arbor University'),
(938, 'Thomas M. Cooley Law School'),
(939, 'University of Detroit Mercy'),
(940, 'University of Michigan Ann Arbor'),
(941, 'University of Michigan Dearborn'),
(942, 'University of Michigan Flint'),
(943, 'Walsh College'),
(944, 'Wayne State University'),
(945, 'Western Michigan University'),
(946, 'Adler Graduate School'),
(947, 'Augsburg College'),
(948, 'Bethany Lutheran College'),
(949, 'Bethel University & Seminary'),
(950, 'Capella University'),
(951, 'Carleton College'),
(952, 'College of Saint Benedict'),
(953, 'College of Saint Scholastica'),
(954, 'College of Visual Arts'),
(955, 'Concordia College–Moorhead'),
(956, 'Concordia University–Saint Paul'),
(957, 'Crossroads College'),
(958, 'Crown College'),
(959, 'Dunwoody College of Technology'),
(960, 'Gustavus Adolphus College'),
(961, 'Hamline University'),
(962, 'Hazelden Graduate School of Addiction Studies'),
(963, 'Luther Seminary'),
(964, 'Macalester College'),
(965, 'Martin Luther College'),
(966, 'Mayo Clinic College of Medicine'),
(967, 'Mayo Graduate School'),
(968, 'Mayo Medical School'),
(969, 'Mayo School of Health Sciences'),
(970, 'Minneapolis College of Art & Design'),
(971, 'Bemidji State University'),
(972, 'Metropolitan State University'),
(973, 'Minnesota State University–Mankato'),
(974, 'Minnesota State University–Moorhead'),
(975, 'Saint Cloud State University'),
(976, 'Southwest Minnesota State University'),
(977, 'Winona State University'),
(978, 'Central University'),
(979, 'western Health Sciences University'),
(980, 'Oak Hills Christian College'),
(981, 'Saint Catherine University'),
(982, 'Saint John''s University'),
(983, 'Saint Mary''s University of Minnesota'),
(984, 'Saint Olaf College'),
(985, 'United Theological Seminary of the Twin Cities'),
(986, 'University of Minnesota Crookston'),
(987, 'University of Minnesota Duluth'),
(988, 'University of Minnesota Morris'),
(989, 'University of Minnesota Twin Cities'),
(990, 'University of western–Saint Paul'),
(991, 'University of Saint Thomas'),
(992, 'Walden University'),
(993, 'Alcorn State University'),
(994, 'Belhaven University'),
(995, 'Blue Mountain College'),
(996, 'Delta State University'),
(997, 'Jackson State University'),
(998, 'Millsaps College'),
(999, 'Mississippi College'),
(1000, 'Mississippi State University'),
(1001, 'Mississippi University for Women'),
(1002, 'Mississippi Valley State University'),
(1003, 'Reformed Theological Seminary'),
(1004, 'Rust College'),
(1005, 'Tougaloo College'),
(1006, 'University of Mississippi'),
(1007, 'University of Mississippi Medical Center'),
(1008, 'University of Southern Mississippi'),
(1009, 'William Carey University'),
(1010, 'Carroll College'),
(1011, 'Montana State University System'),
(1012, 'Montana State University Billings'),
(1013, 'Montana State University Bozeman'),
(1014, 'Montana State University Northern'),
(1015, 'Rocky Mountain College'),
(1016, 'Salish Kootenai College'),
(1017, 'University of Great Falls'),
(1018, 'University of Montana System'),
(1019, 'University of Montana Montana Tech'),
(1020, 'University of Montana Missoula'),
(1021, 'University of Montana Western'),
(1022, 'A.T. Still University of Health Sciences'),
(1023, 'Aquinas Institute of Theology'),
(1024, 'Avila University'),
(1025, 'Baptist Bible College'),
(1026, 'Calvary Bible College & Theological Seminary'),
(1027, 'Central Christian College of the Bible'),
(1028, 'Central Methodist University'),
(1029, 'College of the Ozarks'),
(1030, 'Columbia College'),
(1031, 'Conception Seminary College'),
(1032, 'Concordia Seminary–Saint Louis'),
(1033, 'Covenant Theological Seminary'),
(1034, 'Cox College'),
(1035, 'Culver-Stockton College'),
(1036, 'DeVry University–Kansas City'),
(1037, 'Drury University'),
(1038, 'Eden Theological Seminary'),
(1039, 'Evangel University'),
(1040, 'Fontbonne University'),
(1041, 'Forest Institute of Professional Psychology'),
(1042, 'Global University'),
(1043, 'Goldfarb School of Nursing at Barnes-Jewish College'),
(1044, 'Hannibal-Lagrange College'),
(1045, 'Harris-Stowe State University'),
(1046, 'Kansas City Art Institute'),
(1047, 'Kansas City University of Medicine & Biosciences'),
(1048, 'Kenrick-Glennon Seminary'),
(1049, 'Lincoln University'),
(1050, 'Lindenwood University'),
(1051, 'Logan University'),
(1052, 'Maryville University of Saint Louis'),
(1053, 'Midwestern Baptist Theological Seminary'),
(1054, 'Missouri Baptist University'),
(1055, 'Missouri Southern State University'),
(1056, 'Missouri State University'),
(1057, 'Missouri Valley College'),
(1058, 'Missouri Western State University'),
(1059, 'Northwest Missouri State University'),
(1060, 'Ozark Christian College'),
(1061, 'Park University'),
(1062, 'Ranken Technical College'),
(1063, 'Research College of Nursing'),
(1064, 'Rockhurst University'),
(1065, 'Saint Louis College of Pharmacy'),
(1066, 'Saint Louis University'),
(1067, 'Saint Luke''s College of Health Sciences'),
(1068, 'Saint Paul School of Theology'),
(1069, 'Southeast Missouri State University'),
(1070, 'Southwest Baptist University'),
(1071, 'Stephens College'),
(1072, 'Truman State University'),
(1073, 'University of Central Missouri'),
(1074, 'University of Missouri Columbia'),
(1075, 'University of Missouri Kansas City'),
(1076, 'Missouri University of Science & Technology'),
(1077, 'University of Missouri Saint Louis'),
(1078, 'Washington University in Saint Louis'),
(1079, 'Webster University'),
(1080, 'Western Governors University–Missouri'),
(1081, 'Westminster College'),
(1082, 'William Jewell College'),
(1083, 'William Woods University'),
(1084, 'Bellevue University'),
(1085, 'Bryan College of Health Sciences'),
(1086, 'Chadron State College'),
(1087, 'Clarkson College'),
(1088, 'College of Saint Mary'),
(1089, 'Concordia University–Nebraska'),
(1090, 'Creighton University'),
(1091, 'Doane College'),
(1092, 'Grace University'),
(1093, 'Hastings College'),
(1094, 'Midland University'),
(1095, 'Nebraska Christian College'),
(1096, 'Nebraska Methodist College'),
(1097, 'Nebraska Wesleyan University'),
(1098, 'Peru State College'),
(1099, 'Saint Gregory the Great Seminary'),
(1100, 'Union College'),
(1101, 'University of Nebraska Kearney'),
(1102, 'University of Nebraska Lincoln'),
(1103, 'University of Nebraska Medical Center'),
(1104, 'University of Nebraska Omaha'),
(1105, 'Wayne State College'),
(1106, 'York College'),
(1107, 'College of Southern Nevada'),
(1108, 'Great Basin College'),
(1109, 'Roseman University of Health Sciences'),
(1110, 'Sierra Nevada College'),
(1111, 'Touro University Nevada'),
(1112, 'University of Nevada–Las Vegas'),
(1113, 'University of Nevada–Reno'),
(1114, 'Western Nevada College'),
(1115, 'Antioch University–New England'),
(1116, 'Chester College of New England'),
(1117, 'Colby-Sawyer College'),
(1118, 'Daniel Webster College'),
(1119, 'Dartmouth College'),
(1120, 'Franklin Pierce University'),
(1121, 'Granite State College'),
(1122, 'Keene State College'),
(1123, 'Mount Washington College'),
(1124, 'New England College'),
(1125, 'Plymouth State University'),
(1126, 'Rivier University'),
(1127, 'Saint Anselm College'),
(1128, 'Southern New Hampshire University'),
(1129, 'The Thomas More College of Liberal Arts'),
(1130, 'University of New Hampshire'),
(1131, 'University of New Hampshire at Manchester'),
(1132, 'University of New Hampshire School of Law'),
(1133, 'Berkeley College'),
(1134, 'Bloomfield College'),
(1135, 'Caldwell College'),
(1136, 'Centenary College'),
(1137, 'The College of New Jersey'),
(1138, 'College of Saint Elizabeth'),
(1139, 'Drew University'),
(1140, 'Fairleigh Dickinson University'),
(1141, 'Felician College'),
(1142, 'Georgian Court University'),
(1143, 'Kean University'),
(1144, 'Monmouth University'),
(1145, 'Montclair State University'),
(1146, 'New Jersey City University'),
(1147, 'New Jersey Institute of Technology'),
(1148, 'Princeton Theological Seminary'),
(1149, 'Princeton University'),
(1150, 'Ramapo College of New Jersey'),
(1151, 'Richard Stockton College of New Jersey'),
(1152, 'Rider University'),
(1153, 'Rowan University'),
(1154, 'Rutgers Camden'),
(1155, 'Rutgers New Brunswick'),
(1156, 'Rutgers Newark'),
(1157, 'Saint Peter''s College'),
(1158, 'Seton Hall University'),
(1159, 'Somerset Christian College'),
(1160, 'Stevens Institute of Technology'),
(1161, 'Thomas Edison State College'),
(1162, 'University of Medicine & Dentistry of New Jersey'),
(1163, 'William Paterson University'),
(1164, 'Eastern New Mexico University'),
(1165, 'Institute of American Indian Arts'),
(1166, 'Navajo Technical College'),
(1167, 'New Mexico Highlands University'),
(1168, 'New Mexico Institute of Mining & Technology'),
(1169, 'New Mexico State University'),
(1170, 'Northern New Mexico College'),
(1171, 'Saint John''s College–Santa Fe'),
(1172, 'Santa Fe University of Art & Design'),
(1173, 'Southwestern College'),
(1174, 'University of New Mexico'),
(1175, 'University of the Southwest'),
(1176, 'Western New Mexico University'),
(1177, 'Adelphi University'),
(1178, 'Albany College of Pharmacy & Health Sciences'),
(1179, 'Albany Medical College'),
(1180, 'Alfred University'),
(1181, 'Bank Street College of Education'),
(1182, 'Bard College'),
(1183, 'Barnard College'),
(1184, 'Boricua College'),
(1185, 'Briarcliffe College'),
(1186, 'Canisius College'),
(1187, 'Cazenovia College'),
(1188, 'Christ the King Seminary'),
(1189, 'Baruch College'),
(1190, 'Brooklyn College'),
(1191, 'City College'),
(1192, 'College of Staten Island'),
(1193, 'Graduate School & University Center'),
(1194, 'Hunter College'),
(1195, 'John Jay College of Criminal Justice'),
(1196, 'Lehman College'),
(1197, 'Medgar Evers College'),
(1198, 'New York City College of Technology'),
(1199, 'Queens College'),
(1200, 'Clarkson University'),
(1201, 'Colgate University'),
(1202, 'College of Mount Saint Vincent'),
(1203, 'College of New Rochelle'),
(1204, 'College of Saint Rose'),
(1205, 'Columbia University'),
(1206, 'Concordia College–Bronxville'),
(1207, 'The Cooper Union for the Advancement of Science & Art'),
(1208, 'Cornell University'),
(1209, 'Culinary Institute of America'),
(1210, 'Daemen College'),
(1211, 'Davis College'),
(1212, 'Dominican College'),
(1213, 'Dowling College'),
(1214, 'D´Youville College'),
(1215, 'Elmira College'),
(1216, 'Excelsior College'),
(1217, 'Five Towns College'),
(1218, 'Fordham University'),
(1219, 'Hamilton College'),
(1220, 'Hartwick College'),
(1221, 'Hebrew Union College-Jewish Institute of Religion'),
(1222, 'Hilbert College'),
(1223, 'Hobart & William Smith Colleges'),
(1224, 'Hofstra University'),
(1225, 'Houghton College'),
(1226, 'Icahn School of Medicine at Mount Sinai'),
(1227, 'Iona College'),
(1228, 'Ithaca College'),
(1229, 'The Jewish Theological Seminary of America'),
(1230, 'The Juilliard School'),
(1231, 'Keuka College'),
(1232, 'The King''s College'),
(1233, 'Le Moyne College'),
(1234, 'LIM College'),
(1235, 'Arnold & Marie Schwartz College of Pharmacy & Health Sciences'),
(1236, 'Long Island University Brentwood'),
(1237, 'Long Island University Brooklyn'),
(1238, 'Long Island University C.W. Post'),
(1239, 'Long Island University Riverhead'),
(1240, 'Long Island University Rockland'),
(1241, 'Long Island University Westchester'),
(1242, 'Manhattan College'),
(1243, 'Manhattan School of Music'),
(1244, 'Manhattanville College'),
(1245, 'Marist College'),
(1246, 'Marymount Manhattan College'),
(1247, 'Medaille College'),
(1248, 'Mercy College'),
(1249, 'Metropolitan College of New York'),
(1250, 'Molloy College'),
(1251, 'Monroe College'),
(1252, 'Mount Saint Mary College'),
(1253, 'Nazareth College'),
(1254, 'The New School'),
(1255, 'New York Chiropractic College'),
(1256, 'New York Institute of Technology'),
(1257, 'New York Medical College'),
(1258, 'New York University'),
(1259, 'Polytechnic Institute of New York University'),
(1260, 'Niagara University'),
(1261, 'Nyack College'),
(1262, 'Pace University'),
(1263, 'Paul Smith''s College'),
(1264, 'Pratt Institute'),
(1265, 'Rensselaer Polytechnic Institute'),
(1266, 'Roberts Wesleyan College'),
(1267, 'Northeastern Seminary at Roberts Wesleyan College'),
(1268, 'Rochester Institute of Technology'),
(1269, 'The Sage Colleges'),
(1270, 'Saint Bonaventure University'),
(1271, 'Saint Francis College'),
(1272, 'Saint John Fisher College'),
(1273, 'Saint John''s University'),
(1274, 'Saint Joseph''s College'),
(1275, 'Saint Joseph''s Seminary'),
(1276, 'Saint Lawrence University'),
(1277, 'Saint Thomas Aquinas College'),
(1278, 'Sarah Lawrence College'),
(1279, 'School of Visual Arts'),
(1280, 'Seminary of the Immaculate Conception'),
(1281, 'Siena College'),
(1282, 'Skidmore College'),
(1283, 'New York State University Albany'),
(1284, 'New York State University Alfred'),
(1285, 'New York State University Binghamton'),
(1286, 'New York State University Buffalo'),
(1287, 'Buffalo State College'),
(1288, 'New York State University Stony Brook'),
(1289, 'College at Brockport'),
(1290, 'College at Cortland'),
(1291, 'College at Fredonia'),
(1292, 'College at Geneseo'),
(1293, 'College at New Paltz'),
(1294, 'College at Old Westbury'),
(1295, 'College at Oneonta'),
(1296, 'College at Oswego'),
(1297, 'College at Plattsburgh'),
(1298, 'College at Potsdam'),
(1299, 'College at Purchase'),
(1300, 'College of Agriculture & Technology at Cobleskill'),
(1301, 'College of Agriculture & Technology at Morrisville'),
(1302, 'College of Environmental Science & Forestry'),
(1303, 'College of Optometry'),
(1304, 'College of Technology at Canton'),
(1305, 'College of Technology at Delhi'),
(1306, 'Downstate Medical Center'),
(1307, 'Empire State College'),
(1308, 'Farmingdale State College'),
(1309, 'Fashion Institute of Technology'),
(1310, 'Institute of Technology at Utica/Rome'),
(1311, 'Maritime College at Fort Schuyler'),
(1312, 'Upstate Medical University'),
(1313, 'Syracuse University'),
(1314, 'Teachers College, Columbia University'),
(1315, 'Touro College'),
(1316, 'Unification Theological Seminary'),
(1317, 'Union Graduate College'),
(1318, 'Union Theological Seminary'),
(1319, 'United States Merchant Marine Academy'),
(1320, 'United States Military Academy'),
(1321, 'University of Rochester'),
(1322, 'Utica College'),
(1323, 'Vassar College'),
(1324, 'Vaughn College of Aeronautics & Technology'),
(1325, 'Villa Maria College'),
(1326, 'Wagner College'),
(1327, 'Webb Institute'),
(1328, 'Wells College'),
(1329, 'Yeshiva University'),
(1330, 'Barton College'),
(1331, 'Belmont Abbey College'),
(1332, 'Bennett College for Women'),
(1333, 'Brevard College'),
(1334, 'Cabarrus College of Health Sciences'),
(1335, 'Campbell University'),
(1336, 'Catawba College'),
(1337, 'Chowan College'),
(1338, 'Davidson College'),
(1339, 'Duke University'),
(1340, 'Elon University'),
(1341, 'Gardner-Webb University'),
(1342, 'Greensboro College'),
(1343, 'Guilford College'),
(1344, 'High Point University'),
(1345, 'Johnson C. Smith University'),
(1346, 'Lees-McRae College'),
(1347, 'Lenoir-Rhyne University'),
(1348, 'Livingstone College'),
(1349, 'Mars Hill College'),
(1350, 'Meredith College'),
(1351, 'Methodist University'),
(1352, 'Mid-Atlantic Christian University'),
(1353, 'Montreat College'),
(1354, 'Mount Olive College'),
(1355, 'North Carolina Wesleyan College'),
(1356, 'Peace College'),
(1357, 'Pfeiffer University'),
(1358, 'Queens University of Charlotte'),
(1359, 'Saint Andrews Presbyterian College'),
(1360, 'Saint Augustine''s University'),
(1361, 'Salem College'),
(1362, 'Shaw University'),
(1363, 'Southeastern Baptist Theological Seminary'),
(1364, 'Appalachian State University'),
(1365, 'East Carolina University'),
(1366, 'Elizabeth City State University'),
(1367, 'Fayetteville State University'),
(1368, 'North Carolina A&T State University'),
(1369, 'North Carolina Central University'),
(1370, 'North Carolina State University'),
(1371, 'University of North Carolina Asheville'),
(1372, 'University of North Carolina Chapel Hill'),
(1373, 'University of North Carolina Charlotte'),
(1374, 'University of North Carolina Greensboro'),
(1375, 'University of North Carolina Pembroke'),
(1376, 'University of North Carolina School of the Arts'),
(1377, 'University of North Carolina Wilmington'),
(1378, 'Western Carolina University'),
(1379, 'Winston-Salem State University'),
(1380, 'Wake Forest University'),
(1381, 'Warren Wilson College'),
(1382, 'Wingate University'),
(1383, 'Bismark State College'),
(1384, 'Dickinson State University'),
(1385, 'Mayville State University'),
(1386, 'Minot State University'),
(1387, 'North Dakota State University'),
(1388, 'University of North Dakota'),
(1389, 'Valley City State University'),
(1390, 'Rasmussen College'),
(1391, 'Sanford College of Nursing'),
(1392, 'Sitting Bull College'),
(1393, 'Trinity Bible College'),
(1394, 'Turtle Mountain Community College'),
(1395, 'University of Jamestown'),
(1396, 'University of Mary'),
(1397, 'Air Force Institute of Technology'),
(1398, 'Antioch College'),
(1399, 'Antioch University–Midwest'),
(1400, 'Art Academy of Cincinnati'),
(1401, 'Ashland University'),
(1402, 'Athenaeum of Ohio'),
(1403, 'Baldwin-Wallace College'),
(1404, 'Bluffton University'),
(1405, 'Capital University'),
(1406, 'Case Western Reserve University'),
(1407, 'Cedarville University'),
(1408, 'Chancellor University'),
(1409, 'Cincinnati Christian University'),
(1410, 'Cincinnati College of Mortuary Science'),
(1411, 'Cleveland Institute of Art'),
(1412, 'Cleveland Institute of Music'),
(1413, 'College of Mount Saint Joseph'),
(1414, 'College of Wooster'),
(1415, 'Columbus College of Art & Design'),
(1416, 'Defiance College'),
(1417, 'Denison University'),
(1418, 'Franciscan University of Steubenville'),
(1419, 'Franklin University'),
(1420, 'God''s Bible School & College'),
(1421, 'Heidelberg College'),
(1422, 'Hiram College'),
(1423, 'John Carroll University'),
(1424, 'Kenyon College'),
(1425, 'Kettering College'),
(1426, 'Lake Erie College'),
(1427, 'Lourdes University'),
(1428, 'Malone University'),
(1429, 'Marietta College'),
(1430, 'Mercy College of Northwest Ohio'),
(1431, 'Methodist Theological School in Ohio'),
(1432, 'Mount Carmel College of Nursing'),
(1433, 'Mount Vernon Nazarene University'),
(1434, 'Muskingum University');
INSERT INTO `colleges` (`ID`, `collegename`) VALUES
(1435, 'Notre Dame College'),
(1436, 'Oberlin College'),
(1437, 'Ohio Christian University'),
(1438, 'Ohio Dominican University'),
(1439, 'Ohio Northern University'),
(1440, 'Ohio Wesleyan University'),
(1441, 'Otterbein University'),
(1442, 'Pontifical College Josephinum'),
(1443, 'Saint Mary Seminary & Graduate School of Theology'),
(1444, 'Tiffin University'),
(1445, 'Trinity Lutheran Seminary'),
(1446, 'Union Institute & University'),
(1447, 'United Theological Seminary'),
(1448, 'University of Dayton'),
(1449, 'The University of Findlay'),
(1450, 'University of Mount Union'),
(1451, 'University of Northwestern Ohio'),
(1452, 'University of Rio Grande'),
(1453, 'Bowling Green State University'),
(1454, 'Central State University'),
(1455, 'Cleveland State University'),
(1456, 'Kent State University'),
(1457, 'Kent State University Ashtabula'),
(1458, 'Kent State University College of Podiatric Medicine'),
(1459, 'Kent State University Columbiana County'),
(1460, 'Kent State University Geauga'),
(1461, 'Kent State University Stark'),
(1462, 'Kent State University Trumbull'),
(1463, 'Kent State University Tuscarawas'),
(1464, 'Miami University'),
(1465, 'Miami University–Regional Campuses'),
(1466, 'Northeast Ohio Medical University'),
(1467, 'Ohio State University Columbus'),
(1468, 'Ohio State University Lima'),
(1469, 'Ohio State University Mansfield'),
(1470, 'Ohio State University Marion'),
(1471, 'Ohio State University Newark'),
(1472, 'Ohio University'),
(1473, 'Ohio University–Eastern Campus'),
(1474, 'Ohio University–Lancaster'),
(1475, 'Ohio University–Zanesville'),
(1476, 'Shawnee State University'),
(1477, 'University of Akron'),
(1478, 'University of Cincinnati'),
(1479, 'University of Cincinnati–Blue Ash'),
(1480, 'University of Toledo'),
(1481, 'Wright State University'),
(1482, 'Youngstown State University'),
(1483, 'Urbana University'),
(1484, 'Ursuline College'),
(1485, 'Walsh University'),
(1486, 'Wilberforce University'),
(1487, 'Wilmington College'),
(1488, 'Wittenberg University'),
(1489, 'Xavier University'),
(1490, 'Bacone College'),
(1491, 'Cameron University'),
(1492, 'East Central University'),
(1493, 'Langston University'),
(1494, 'Mid-America Christian University'),
(1495, 'Northeastern State University Broken Arrow'),
(1496, 'Northeastern State University Muskogee'),
(1497, 'Northwestern Oklahoma State University'),
(1498, 'Oklahoma Baptist University'),
(1499, 'Oklahoma Christian University'),
(1500, 'Oklahoma City University'),
(1501, 'Oklahoma Panhandle State University'),
(1502, 'Oklahoma State University Center for Health Sciences'),
(1503, 'Oklahoma State University Institute of Technology'),
(1504, 'Oklahoma State University Oklahoma City'),
(1505, 'Oklahoma State University Stillwater'),
(1506, 'Oklahoma State University Tulsa'),
(1507, 'Oklahoma Wesleyan University'),
(1508, 'Oral Roberts University'),
(1509, 'Phillips Theological Seminary'),
(1510, 'Phillips University (closed July 1998)'),
(1511, 'Rogers State University'),
(1512, 'Saint Gregory''s University'),
(1513, 'Southeastern Oklahoma State University'),
(1514, 'Southern Nazarene University'),
(1515, 'Southwestern Christian University'),
(1516, 'Southwestern Oklahoma State University'),
(1517, 'University of Central Oklahoma'),
(1518, 'University of Oklahoma'),
(1519, 'University of Oklahoma Health Sciences Center'),
(1520, 'University of Oklahoma–Tulsa'),
(1521, 'University of Science & Arts of Oklahoma'),
(1522, 'University of Tulsa'),
(1523, 'Art Institute of Portland'),
(1524, 'Concordia University–Portland'),
(1525, 'Corban University'),
(1526, 'Eastern Oregon University'),
(1527, 'George Fox University'),
(1528, 'Lewis & Clark College'),
(1529, 'Linfield College'),
(1530, 'Marylhurst University'),
(1531, 'Mount Angel Seminary'),
(1532, 'Multnomah University'),
(1533, 'National College of Natural Medicine'),
(1534, 'New Hope Christian College'),
(1535, 'Northwest Christian University'),
(1536, 'Oregon College of Art & Craft'),
(1537, 'Oregon Health & Science University'),
(1538, 'Oregon Institute of Technology'),
(1539, 'Oregon State University'),
(1540, 'Pacific Northwest College of Art'),
(1541, 'Pacific University'),
(1542, 'Portland State University'),
(1543, 'Reed College'),
(1544, 'Southern Oregon University'),
(1545, 'University of Oregon'),
(1546, 'University of Portland'),
(1547, 'University of Western States'),
(1548, 'Warner Pacific College'),
(1549, 'Western Oregon University'),
(1550, 'Western Seminary'),
(1551, 'Willamette University'),
(1552, 'Albright College'),
(1553, 'Allegheny College'),
(1554, 'Alvernia University'),
(1555, 'American College'),
(1556, 'Arcadia University'),
(1557, 'Art Institute of Pittsburgh'),
(1558, 'Baptist Bible College & Seminary'),
(1559, 'Biblical Theological Seminary'),
(1560, 'Bryn Athyn College of the New Church'),
(1561, 'Bryn Mawr College'),
(1562, 'Bucknell University'),
(1563, 'Cabrini College'),
(1564, 'Cairn University'),
(1565, 'Calvary Baptist Seminary'),
(1566, 'Carlow University'),
(1567, 'Carnegie Mellon University'),
(1568, 'Cedar Crest College'),
(1569, 'Central Penn College'),
(1570, 'Chatham College'),
(1571, 'Chestnut Hill College'),
(1572, 'Curtis Institute of Music'),
(1573, 'Delaware Valley College'),
(1574, 'DeSales University'),
(1575, 'Dickinson College'),
(1576, 'Drexel University'),
(1577, 'Duquesne University'),
(1578, 'Eastern University'),
(1579, 'Elizabethtown College'),
(1580, 'Evangelical Theological Seminary'),
(1581, 'Franklin & Marshall College'),
(1582, 'Gannon University'),
(1583, 'Geneva College'),
(1584, 'Gettysburg College'),
(1585, 'Gratz College'),
(1586, 'Grove City College'),
(1587, 'Gwynedd Mercy College'),
(1588, 'Harrisburg University of Science & Technology'),
(1589, 'Haverford College'),
(1590, 'Holy Family University'),
(1591, 'Immaculata University'),
(1592, 'Juniata College'),
(1593, 'Keystone College'),
(1594, 'King''s College'),
(1595, 'La Roche College'),
(1596, 'La Salle University'),
(1597, 'Lafayette College'),
(1598, 'Lake Erie College of Osteopathic Medicine'),
(1599, 'Lancaster Bible College'),
(1600, 'Lancaster Theological Seminary'),
(1601, 'Lebanon Valley College'),
(1602, 'Lehigh University'),
(1603, 'Lutheran Theological Seminary at Gettysburg'),
(1604, 'Lutheran Theological Seminary at Philadelphia'),
(1605, 'Lycoming College'),
(1606, 'Marywood University'),
(1607, 'Mercyhurst College'),
(1608, 'Messiah College'),
(1609, 'Misericordia University'),
(1610, 'Moore College of Art & Design'),
(1611, 'Moravian College'),
(1612, 'Mount Aloysius College'),
(1613, 'Muhlenberg College'),
(1614, 'Neumann University'),
(1615, 'Peirce College'),
(1616, 'Pennsylvania College of Art & Design'),
(1617, 'Pennsylvania College of Health Sciences'),
(1618, 'Bloomsburg University of Pennsylvania'),
(1619, 'California University of Pennsylvania'),
(1620, 'Cheyney University of Pennsylvania'),
(1621, 'Clarion University of Pennsylvania'),
(1622, 'East Stroudsburg University of Pennsylvania'),
(1623, 'Edinboro University of Pennsylvania'),
(1624, 'Indiana University of Pennsylvania'),
(1625, 'Kutztown University of Pennsylvania'),
(1626, 'Lock Haven University of Pennsylvania'),
(1627, 'Mansfield University of Pennsylvania'),
(1628, 'Millersville University of Pennsylvania'),
(1629, 'Shippensburg University of Pennsylvania'),
(1630, 'Slippery Rock University of Pennsylvania'),
(1631, 'West Chester University of Pennsylvania'),
(1632, 'Pennsylvania State University Abington'),
(1633, 'Pennsylvania State University Altoona'),
(1634, 'Pennsylvania State University Beaver'),
(1635, 'Pennsylvania State University Berks'),
(1636, 'Pennsylvania State University Brandywine'),
(1637, 'Pennsylvania State University Dickinson School of Law'),
(1638, 'Pennsylvania State University DuBois'),
(1639, 'Pennsylvania State University Erie, The Behrend College'),
(1640, 'Pennsylvania State University Fayette, The Eberly Campus'),
(1641, 'Great Valley School of Graduate Professional Studies'),
(1642, 'Pennsylvania State University Greater Allegheny'),
(1643, 'Pennsylvania State University Harrisburg'),
(1644, 'Pennsylvania State University Hazleton'),
(1645, 'Pennsylvania State University Lehigh Valley'),
(1646, 'Pennsylvania State University Milton S. Hershey Medical Center'),
(1647, 'Pennsylvania State University Mont Alto'),
(1648, 'Pennsylvania State University New Kensington'),
(1649, 'Pennsylvania College of Technology'),
(1650, 'Pennsylvania State University Schuylkill'),
(1651, 'Pennsylvania State University Shenango'),
(1652, 'Pennsylvania State University University Park'),
(1653, 'Pennsylvania State University Wilkes-Barre'),
(1654, 'Pennsylvania State University Worthington Scranton'),
(1655, 'Pennsylvania State University York'),
(1656, 'Philadelphia College of Osteopathic Medicine'),
(1657, 'Philadelphia University'),
(1658, 'Pittsburgh Theological Seminary'),
(1659, 'Point Park University'),
(1660, 'Reconstructionist Rabbinical College'),
(1661, 'Robert Morris University'),
(1662, 'Rosemont College'),
(1663, 'Saint Charles Borromeo Seminary'),
(1664, 'Saint Francis University'),
(1665, 'Saint Joseph''s University'),
(1666, 'Saint Vincent College'),
(1667, 'Salus University'),
(1668, 'Seton Hill University'),
(1669, 'Susquehanna University'),
(1670, 'Swarthmore College'),
(1671, 'Temple University'),
(1672, 'Thiel College'),
(1673, 'Thomas Jefferson University'),
(1674, 'United States Army War College'),
(1675, 'University of Pennsylvania'),
(1676, 'University of Pittsburgh Bradford'),
(1677, 'University of Pittsburgh Greensburg'),
(1678, 'University of Pittsburgh Johnstown'),
(1679, 'University of Scranton'),
(1680, 'University of the Arts'),
(1681, 'University of the Sciences in Philadelphia'),
(1682, 'Ursinus College'),
(1683, 'Valley Forge Christian College'),
(1684, 'Villanova University'),
(1685, 'Washington & Jefferson College'),
(1686, 'Waynesburg University'),
(1687, 'Westminster Theological Seminary'),
(1688, 'Widener University'),
(1689, 'Wilkes University'),
(1690, 'Wilson College'),
(1691, 'Won Institute of Graduate Studies'),
(1692, 'York College of Pennsylvania'),
(1693, 'Brown University'),
(1694, 'Bryant University'),
(1695, 'Johnson & Wales University'),
(1696, 'New England Institute of Technology'),
(1697, 'Providence College'),
(1698, 'Rhode Island College'),
(1699, 'Rhode Island School of Design'),
(1700, 'Roger Williams University'),
(1701, 'Salve Regina University'),
(1702, 'United States Naval War College'),
(1703, 'University of Rhode Island'),
(1704, 'Allen University'),
(1705, 'Anderson University'),
(1706, 'Benedict College'),
(1707, 'Charleston Southern University'),
(1708, 'The Citadel'),
(1709, 'Claflin University'),
(1710, 'Clemson University'),
(1711, 'Coastal Carolina University'),
(1712, 'Coker College'),
(1713, 'College of Charleston'),
(1714, 'Columbia International University'),
(1715, 'Converse College'),
(1716, 'Erskine College'),
(1717, 'Francis Marion University'),
(1718, 'Furman University'),
(1719, 'Lander University'),
(1720, 'Limestone College'),
(1721, 'Medical University of South Carolina'),
(1722, 'Morris College'),
(1723, 'Newberry College'),
(1724, 'North Greenville University'),
(1725, 'Presbyterian College'),
(1726, 'Sherman College of Chiropractic'),
(1727, 'South Carolina State University'),
(1728, 'Southern Wesleyan University'),
(1729, 'University of South Carolina Aiken'),
(1730, 'University of South Carolina Beaufort'),
(1731, 'University of South Carolina Columbia'),
(1732, 'University of South Carolina Upstate'),
(1733, 'Voorhees College'),
(1734, 'Winthrop University'),
(1735, 'Wofford College'),
(1736, 'Augustana College'),
(1737, 'Black Hills State University'),
(1738, 'Dakota State University'),
(1739, 'Dakota Wesleyan University'),
(1740, 'Mount Marty College'),
(1741, 'National American University'),
(1742, 'Northern State University'),
(1743, 'Oglala Lakota College'),
(1744, 'Presentation College'),
(1745, 'Sinte Gleska University'),
(1746, 'Sioux Falls Seminary'),
(1747, 'South Dakota School of Mines & Technology'),
(1748, 'South Dakota State University'),
(1749, 'University of Sioux Falls'),
(1750, 'University of South Dakota'),
(1751, 'Aquinas College'),
(1752, 'Austin Peay State University'),
(1753, 'Baptist Memorial College of Health Sciences'),
(1754, 'Belmont University'),
(1755, 'Bethel University'),
(1756, 'Bryan College'),
(1757, 'Carson-Newman College'),
(1758, 'Christian Brothers University'),
(1759, 'Cumberland University'),
(1760, 'East Tennessee State University'),
(1761, 'Emmanuel Christian Seminary'),
(1762, 'Fisk University'),
(1763, 'Freed-Hardeman University'),
(1764, 'Johnson University'),
(1765, 'King College'),
(1766, 'Lane College'),
(1767, 'Lee University'),
(1768, 'LeMoyne-Owen College'),
(1769, 'Lincoln Memorial University'),
(1770, 'Lipscomb University'),
(1771, 'Martin Methodist College'),
(1772, 'Maryville College'),
(1773, 'Meharry Medical College'),
(1774, 'Memphis College of Art'),
(1775, 'Memphis Theological Seminary'),
(1776, 'Mid-America Baptist Theological Seminary'),
(1777, 'Middle Tennessee School of Anesthesia'),
(1778, 'Middle Tennessee State University'),
(1779, 'Milligan College'),
(1780, 'Pentecostal Theological Seminary'),
(1781, 'Rhodes College'),
(1782, 'Richmont Graduate University'),
(1783, 'South College'),
(1784, 'Southern Adventist University'),
(1785, 'Southern College of Optometry'),
(1786, 'Tennessee State University'),
(1787, 'Tennessee Technological University'),
(1788, 'Tennessee Wesleyan College'),
(1789, 'Trevecca Nazarene University'),
(1790, 'Tusculum College'),
(1791, 'Union University'),
(1792, 'University of Memphis'),
(1793, 'University of Tennessee Chattanooga'),
(1794, 'University of Tennessee Health Science Center'),
(1795, 'University of Tennessee Knoxville'),
(1796, 'University of Tennessee Martin'),
(1797, 'University of the South'),
(1798, 'Vanderbilt University'),
(1799, 'Victory University'),
(1800, 'Watkins College of Art, Design, & Film'),
(1801, 'Welch College'),
(1802, 'Western Governors University–Tennessee'),
(1803, 'Abilene Christian University'),
(1804, 'Ambassador University (closed spring 1997)'),
(1805, 'Amberton University'),
(1806, 'American College of Acupuncture & Oriental Medicine'),
(1807, 'AOMA Graduate School of Integrative Medicine'),
(1808, 'Arlington Baptist College'),
(1809, 'Art Institute of Dallas'),
(1810, 'Art Institute of Houston'),
(1811, 'Austin College'),
(1812, 'Austin Graduate School of Theology'),
(1813, 'Austin Presbyterian Theological Seminary'),
(1814, 'Baptist Missionary Association Theological Seminary'),
(1815, 'Baylor College of Medicine'),
(1816, 'Baylor University'),
(1817, 'Brite Divinity School'),
(1818, 'College of Saints John Fisher & Thomas More'),
(1819, 'Concordia University–Texas'),
(1820, 'Criswell College'),
(1821, 'Dallas Baptist University'),
(1822, 'Dallas Christian College'),
(1823, 'Dallas Theological Seminary'),
(1824, 'DeVry University–Irving (Dallas)'),
(1825, 'East Texas Baptist University'),
(1826, 'Graduate Institute of Applied Linguistics'),
(1827, 'Hardin-Simmons University'),
(1828, 'Houston Baptist University'),
(1829, 'Howard Payne University'),
(1830, 'Huston-Tillotson University'),
(1831, 'Jarvis Christian College'),
(1832, 'LeTourneau University'),
(1833, 'Lubbock Christian University'),
(1834, 'McMurry University'),
(1835, 'Midwestern State University'),
(1836, 'Northwood University'),
(1837, 'Oblate School of Theology'),
(1838, 'Our Lady of the Lake University'),
(1839, 'Parker University'),
(1840, 'Paul Quinn College'),
(1841, 'Rice University'),
(1842, 'Saint Edward''s University'),
(1843, 'Saint Mary''s University'),
(1844, 'Schreiner University'),
(1845, 'Seminary of the Southwest'),
(1846, 'Southern Methodist University'),
(1847, 'South Texas College of Law'),
(1848, 'Southwestern Adventist University'),
(1849, 'Southwestern Assemblies of God University'),
(1850, 'Southwestern Baptist Theological Seminary'),
(1851, 'Southwestern Christian College'),
(1852, 'Southwestern University'),
(1853, 'Stephen F. Austin State University'),
(1854, 'Texas A&M University Central Texas'),
(1855, 'Texas A&M University College Station'),
(1856, 'Texas A&M University Commerce'),
(1857, 'Texas A&M University Corpus Christi'),
(1858, 'Texas A&M University Galveston'),
(1859, 'Texas A&M University Health Science Center'),
(1860, 'Texas A&M University Kingsville'),
(1861, 'Prairie View A&M University'),
(1862, 'Texas A&M University San Antonio'),
(1863, 'Texas A&M University Tarleton State University'),
(1864, 'Texas A&M University Texarkana'),
(1865, 'Texas A&M International University'),
(1866, 'West Texas A&M University'),
(1867, 'Texas Chiropractic College'),
(1868, 'Texas Christian University'),
(1869, 'Texas College'),
(1870, 'Texas Lutheran University'),
(1871, 'Texas Southern University'),
(1872, 'Lamar University'),
(1873, 'Sam Houston State University'),
(1874, 'Sul Ross State University'),
(1875, 'Texas State University San Marcos'),
(1876, 'Angelo State University'),
(1877, 'Health Sciences Center'),
(1878, 'Texas Tech University'),
(1879, 'Texas Wesleyan University'),
(1880, 'Texas Woman''s University'),
(1881, 'Trinity University'),
(1882, 'University of Dallas'),
(1883, 'University of Houston'),
(1884, 'University of Houston Clear Lake'),
(1885, 'University of Houston Downtown'),
(1886, 'University of Houston Victoria'),
(1887, 'University of Mary Hardin-Baylor'),
(1888, 'University of North Texas'),
(1889, 'University of North Texas Health Science Center'),
(1890, 'University of Saint Thomas'),
(1891, 'University of Texas Arlington'),
(1892, 'University of Texas Austin'),
(1893, 'University of Texas Brownsville'),
(1894, 'University of Texas Dallas'),
(1895, 'University of Texas El Paso'),
(1896, 'University of Texas Pan American'),
(1897, 'University of Texas Permian Basin'),
(1898, 'University of Texas San Antonio'),
(1899, 'University of Texas Tyler'),
(1900, 'University of Texas Health Science Center at Houston'),
(1901, 'University of Texas Health Science Center at San Antonio'),
(1902, 'University of Texas Health Science Center at Tyler'),
(1903, 'University of Texas M.D. Anderson Cancer Center'),
(1904, 'University of Texas Medical Branch at Galveston'),
(1905, 'University of Texas Southwestern Medical Center at Dallas'),
(1906, 'University of the Incarnate Word'),
(1907, 'Wade College'),
(1908, 'Wayland Baptist University'),
(1909, 'Western Governors University–Texas'),
(1910, 'Wiley College'),
(1911, 'Brigham Young University'),
(1912, 'Dixie State College'),
(1913, 'Southern Utah University'),
(1914, 'University of Utah'),
(1915, 'Utah State University'),
(1916, 'Utah Valley University'),
(1917, 'Weber State University'),
(1918, 'Western Governors University'),
(1919, 'Bennington College'),
(1920, 'Burlington College'),
(1921, 'Castleton State College'),
(1922, 'Champlain College'),
(1923, 'College of Saint Joseph'),
(1924, 'Goddard College'),
(1925, 'Green Mountain College'),
(1926, 'Johnson State College'),
(1927, 'Landmark College'),
(1928, 'Lyndon State College'),
(1929, 'Marlboro College'),
(1930, 'Middlebury College'),
(1931, 'Norwich University'),
(1932, 'Saint Michael''s College'),
(1933, 'School for International Training'),
(1934, 'Southern Vermont College'),
(1935, 'Sterling College'),
(1936, 'University of Vermont'),
(1937, 'Vermont College of Fine Arts'),
(1938, 'Vermont Law School'),
(1939, 'Vermont Technical College'),
(1940, 'Averett University'),
(1941, 'Bluefield College'),
(1942, 'Bridgewater College'),
(1943, 'Christendom College'),
(1944, 'Christopher Newport University'),
(1945, 'College of William and Mary'),
(1946, 'DeVry University–Arlington'),
(1947, 'Eastern Mennonite University'),
(1948, 'Eastern Virginia Medical School'),
(1949, 'ECPI University'),
(1950, 'Emory & Henry College'),
(1951, 'Ferrum College'),
(1952, 'George Mason University'),
(1953, 'George Washington University–Virginia Campus'),
(1954, 'Hampden-Sydney College'),
(1955, 'Hampton University'),
(1956, 'Hollins University'),
(1957, 'Institute for the Psychological Sciences'),
(1958, 'James Madison University'),
(1959, 'Jefferson College of Health Sciences'),
(1960, 'Liberty University'),
(1961, 'Longwood University'),
(1962, 'Lynchburg College'),
(1963, 'Marine Corps University'),
(1964, 'Mary Baldwin College'),
(1965, 'Marymount University'),
(1966, 'Norfolk State University'),
(1967, 'Old Dominion University'),
(1968, 'Radford University'),
(1969, 'Randolph College'),
(1970, 'Randolph-Macon College'),
(1971, 'Regent University'),
(1972, 'Roanoke College'),
(1973, 'Saint Paul''s College'),
(1974, 'Shenandoah University'),
(1975, 'Southern Virginia University'),
(1976, 'Sweet Briar College'),
(1977, 'Union Presbyterian Seminary'),
(1978, 'University of Mary Washington'),
(1979, 'University of Richmond'),
(1980, 'University of Virginia'),
(1981, 'University of Virginia''s College at Wise'),
(1982, 'Virginia Commonwealth University'),
(1983, 'Virginia Intermont College'),
(1984, 'Virginia Military Institute'),
(1985, 'Virginia Polytechnic Institute & State University'),
(1986, 'Virginia State University'),
(1987, 'Virginia Union University'),
(1988, 'Virginia Wesleyan College'),
(1989, 'Washington & Lee University'),
(1990, 'Antioch University–Seattle'),
(1991, 'Art Institute of Seattle'),
(1992, 'Bastyr University'),
(1993, 'Bellevue College'),
(1994, 'Central Washington University'),
(1995, 'City University of Seattle'),
(1996, 'Cornish College of the Arts'),
(1997, 'Eastern Washington University'),
(1998, 'Evergreen State College'),
(1999, 'Gonzaga University'),
(2000, 'Heritage University'),
(2001, 'Northwest Indian College'),
(2002, 'Northwest University'),
(2003, 'Olympic College'),
(2004, 'Pacific Lutheran University'),
(2005, 'Peninsula College'),
(2006, 'Saint Martin''s University'),
(2007, 'Seattle Pacific University'),
(2008, 'Seattle University'),
(2009, 'Trinity Lutheran College'),
(2010, 'University of Puget Sound'),
(2011, 'University of Washington Bothell'),
(2012, 'University of Washington Tacoma'),
(2013, 'Walla Walla University'),
(2014, 'Washington State University'),
(2015, 'Washington State University Spokane'),
(2016, 'Washington State University Tri-Cities'),
(2017, 'Washington State University Vancouver'),
(2018, 'Western Governors University Washington'),
(2019, 'Western Washington University'),
(2020, 'Whitman College'),
(2021, 'Whitworth University'),
(2022, 'Alderson-Broaddus College'),
(2023, 'American Military University'),
(2024, 'American Public University'),
(2025, 'Appalachian Bible College'),
(2026, 'Bethany College'),
(2027, 'Bluefield State College'),
(2028, 'Concord University'),
(2029, 'Davis & Elkins College'),
(2030, 'Fairmont State University'),
(2031, 'Future Generations Graduate School'),
(2032, 'Glenville State College'),
(2033, 'Marshall University'),
(2034, 'Mountain State University (closed 01 January 2013)'),
(2035, 'Ohio Valley University'),
(2036, 'Salem International University'),
(2037, 'Shepherd University'),
(2038, 'University of Charleston'),
(2039, 'West Liberty University'),
(2040, 'West Virginia State University'),
(2041, 'West Virginia University'),
(2042, 'West Virginia University Institute of Technology'),
(2043, 'West Virginia University at Parkersburg'),
(2044, 'West Virginia Wesleyan College'),
(2045, 'Wheeling Jesuit University'),
(2046, 'Alverno College'),
(2047, 'Bellin College'),
(2048, 'Beloit College'),
(2049, 'Cardinal Stritch University'),
(2050, 'Carroll University'),
(2051, 'Carthage College'),
(2052, 'College of the Menominee Nation'),
(2053, 'Columbia College of Nursing'),
(2054, 'Concordia University–Wisconsin'),
(2055, 'Edgewood College'),
(2056, 'Herzing University'),
(2057, 'Lakeland College'),
(2058, 'Lawrence University'),
(2059, 'Maranatha Baptist Bible College'),
(2060, 'Marian University'),
(2061, 'Marquette University'),
(2062, 'Medical College of Wisconsin'),
(2063, 'Milwaukee Institute of Art & Design'),
(2064, 'Milwaukee School of Engineering'),
(2065, 'Mount Mary College'),
(2066, 'Northland College'),
(2067, 'Rasmussen College'),
(2068, 'Ripon College'),
(2069, 'Sacred Heart School of Theology'),
(2070, 'Saint Norbert College'),
(2071, 'Silver Lake College'),
(2072, 'University of Wisconsin Eau Claire'),
(2073, 'University of Wisconsin Green Bay'),
(2074, 'University of Wisconsin La Crosse'),
(2075, 'University of Wisconsin Madison'),
(2076, 'University of Wisconsin Milwaukee'),
(2077, 'University of Wisconsin Oshkosh'),
(2078, 'University of Wisconsin Parkside'),
(2079, 'University of Wisconsin Platteville'),
(2080, 'University of Wisconsin River Falls'),
(2081, 'University of Wisconsin Stevens Point'),
(2082, 'University of Wisconsin Stout'),
(2083, 'University of Wisconsin Superior'),
(2084, 'University of Wisconsin Whitewater'),
(2085, 'Viterbo University'),
(2086, 'Wisconsin Lutheran College'),
(2087, 'Wisconsin School of Professional Psychology'),
(2088, 'University of Wisconsin'),
(2089, 'University of Guam'),
(2090, 'University of the Virgin Islands'),
(2091, 'American University of Puerto Rico'),
(2092, 'Caribbean University'),
(2093, 'Carlos Albizu University'),
(2094, 'Centro de Estudios Avanzados de Puerto Rico y el Caribe'),
(2095, 'Colegio Universitario de San Juan'),
(2096, 'Columbia Centro Universitario'),
(2097, 'Conservatorio de Mśsica de Puerto Rico'),
(2098, 'Escuela de Artes Plįsticas de Puerto Rico'),
(2099, 'EDP College'),
(2100, 'Ponce School of Medicine & Health Sciences'),
(2101, 'Pontificia Universidad Católica de Puerto Rico'),
(2102, 'San Juan Bautista School of Medicine'),
(2103, 'Seminario Evangélico de Puerto Rico'),
(2104, 'Sistema Universitario Ana G. Méndez'),
(2105, 'Universidad del Este'),
(2106, 'Universidad Metropolitana'),
(2107, 'Universidad del Turabo'),
(2108, 'Universidad Adventista de las Antillas'),
(2109, 'Universidad Central de Bayamón'),
(2110, 'Universidad Central del Caribe'),
(2111, 'Universidad del Sagrado Corazón'),
(2112, 'Universidad Interamericana de Puerto Rico Aguadilla'),
(2113, 'Universidad Interamericana de Puerto Rico Arecibo'),
(2114, 'Universidad Interamericana de Puerto Rico Barranquitas'),
(2115, 'Universidad Interamericana de Puerto Rico Bayamón'),
(2116, 'Universidad Interamericana de Puerto Rico Fajardo'),
(2117, 'Universidad Interamericana de Puerto Rico Guayama'),
(2118, 'Universidad Interamericana de Puerto Rico Metropolitan'),
(2119, 'Universidad Interamericana de Puerto Rico Ponce'),
(2120, 'Universidad Interamericana de Puerto Rico San Germįn'),
(2121, 'Universidad Interamericana de Puerto Rico School of Law'),
(2122, 'Universidad Interamericana de Puerto Rico School of Optometry'),
(2123, 'Universidad Politecnica de Puerto Rico'),
(2124, 'University of Puerto Rico Aguadilla'),
(2125, 'University of Puerto Rico Arecibo'),
(2126, 'University of Puerto Rico Bayamón'),
(2127, 'University of Puerto Rico Carolina'),
(2128, 'University of Puerto Rico Cayey'),
(2129, 'University of Puerto Rico Ciencias Médicas'),
(2130, 'University of Puerto Rico Humacao'),
(2131, 'University of Puerto Rico Mayagüez'),
(2132, 'University of Puerto Rico Ponce'),
(2133, 'University of Puerto Rico Rķo Piedras'),
(2134, 'University of Puerto Rico Utuado');

-- --------------------------------------------------------

--
-- Table structure for table `company`
--

CREATE TABLE IF NOT EXISTS `company` (
  `companyid` int(11) NOT NULL,
  `name` varchar(200) NOT NULL,
  PRIMARY KEY (`companyid`)
) ENGINE=InnoDB DEFAULT CHARSET=latin1;

-- --------------------------------------------------------

--
-- Table structure for table `job`
--

CREATE TABLE IF NOT EXISTS `job` (
  `jobid` int(11) NOT NULL AUTO_INCREMENT,
  `jobtitle` varchar(200) NOT NULL,
  `description` varchar(400) NOT NULL,
  PRIMARY KEY (`jobid`)
) ENGINE=InnoDB DEFAULT CHARSET=latin1 AUTO_INCREMENT=1 ;

-- --------------------------------------------------------

--
-- Table structure for table `jobseeker`
--

CREATE TABLE IF NOT EXISTS `jobseeker` (
  `userid` int(11) NOT NULL,
  `photoid` int(20) NOT NULL,
  `cellnumber` varchar(20) NOT NULL,
  `homenumber` varchar(20) NOT NULL,
  `college1` varchar(100) NOT NULL,
  `college2` varchar(100) NOT NULL,
  `college3` varchar(100) NOT NULL,
  `college4` varchar(100) NOT NULL,
  `college5` varchar(100) NOT NULL,
  `graduationyear1` int(20) NOT NULL,
  `graduationyear2` int(20) NOT NULL,
  `graduationyear3` int(20) NOT NULL,
  `graduationyear4` int(20) NOT NULL,
  `graduationyear5` int(20) NOT NULL,
  `degree1` varchar(100) NOT NULL,
  `degree2` varchar(100) NOT NULL,
  `degree3` varchar(100) NOT NULL,
  `degree4` varchar(100) NOT NULL,
  `degree5` varchar(100) NOT NULL,
  `linkedin` varchar(100) NOT NULL,
  `facebook` varchar(100) NOT NULL,
  `monster` varchar(100) NOT NULL,
  `other` varchar(100) NOT NULL,
  KEY `userid` (`userid`),
  KEY `userid_2` (`userid`),
  KEY `userid_3` (`userid`)
) ENGINE=InnoDB DEFAULT CHARSET=utf8;

--
-- Dumping data for table `jobseeker`
--

INSERT INTO `jobseeker` (`userid`, `photoid`, `cellnumber`, `homenumber`, `college1`, `college2`, `college3`, `college4`, `college5`, `graduationyear1`, `graduationyear2`, `graduationyear3`, `graduationyear4`, `graduationyear5`, `degree1`, `degree2`, `degree3`, `degree4`, `degree5`, `linkedin`, `facebook`, `monster`, `other`) VALUES
(1, 0, '(123) 456-7890', '(123) 456-7890', '', '', '', '', '', 0, 0, 0, 0, 0, '', '', '', '', '', 'mylinkedin', 'myfacebook', 'mymonster', 'myother'),
(2, 0, '', '', '', '', '', '', '', 0, 0, 0, 0, 0, '', '', '', '', '', '', '', '', ''),
(4, 0, '', '', '', '', '', '', '', 0, 0, 0, 0, 0, '', '', '', '', '', '', '', '', ''),
(8, 0, '', '', '', '', '', '', '', 0, 0, 0, 0, 0, '', '', '', '', '', '', '', '', '');

-- --------------------------------------------------------

--
-- Table structure for table `job_recruiter`
--

CREATE TABLE IF NOT EXISTS `job_recruiter` (
  `userid` int(11) NOT NULL,
  `jobid` int(11) NOT NULL,
  `permission` int(11) NOT NULL DEFAULT '0',
  PRIMARY KEY (`userid`,`jobid`),
  KEY `jobid_job_job_recruiter_fk` (`jobid`)
) ENGINE=InnoDB DEFAULT CHARSET=latin1;

-- --------------------------------------------------------

--
-- Table structure for table `keyword`
--

CREATE TABLE IF NOT EXISTS `keyword` (
  `keywordid` int(11) NOT NULL AUTO_INCREMENT,
  `keyword` varchar(50) NOT NULL,
  PRIMARY KEY (`keywordid`)
) ENGINE=MyISAM DEFAULT CHARSET=latin1 AUTO_INCREMENT=1 ;

-- --------------------------------------------------------

--
-- Table structure for table `keyword_jobs`
--

CREATE TABLE IF NOT EXISTS `keyword_jobs` (
  `jobid` int(20) NOT NULL,
  `keyword` varchar(20) NOT NULL,
  `keywordid` int(20) NOT NULL,
  FULLTEXT KEY `keyword` (`keyword`)
) ENGINE=MyISAM DEFAULT CHARSET=utf8;

-- --------------------------------------------------------

--
-- Table structure for table `keyword_pitches`
--

CREATE TABLE IF NOT EXISTS `keyword_pitches` (
  `pitchid` int(11) NOT NULL,
  `keyword` varchar(50) NOT NULL,
  `keywordid` int(11) NOT NULL,
  KEY `pitchid` (`pitchid`),
  KEY `keywordid` (`keywordid`),
  FULLTEXT KEY `keyword` (`keyword`)
) ENGINE=MyISAM DEFAULT CHARSET=latin1;

--
-- Dumping data for table `keyword_pitches`
--

INSERT INTO `keyword_pitches` (`pitchid`, `keyword`, `keywordid`) VALUES
(1, 'keywords', 0),
(2, 'keyword', 0),
(3, 'creativity', 0),
(4, 'communication, organization', 0),
(5, '', 0),
(6, '', 0),
(7, '', 0);

-- --------------------------------------------------------

--
-- Table structure for table `photo`
--

CREATE TABLE IF NOT EXISTS `photo` (
  `photoid` int(11) NOT NULL AUTO_INCREMENT,
  `userid` int(11) NOT NULL,
  `url` varchar(100) NOT NULL,
  PRIMARY KEY (`photoid`),
  KEY `user_photo_fk` (`userid`)
) ENGINE=MyISAM  DEFAULT CHARSET=utf8 AUTO_INCREMENT=2 ;

--
-- Dumping data for table `photo`
--

INSERT INTO `photo` (`photoid`, `userid`, `url`) VALUES
(1, 2, 'tmp/04_26_2014_04_22_00_pm2.jpg');

-- --------------------------------------------------------

--
-- Table structure for table `pitches`
--

CREATE TABLE IF NOT EXISTS `pitches` (
  `pitchid` int(11) NOT NULL AUTO_INCREMENT,
  `userid` int(11) NOT NULL,
  `title` varchar(200) NOT NULL,
  `url` varchar(200) DEFAULT NULL,
  `key0` varchar(50) DEFAULT NULL,
  `daterecorded` timestamp NOT NULL DEFAULT CURRENT_TIMESTAMP ON UPDATE CURRENT_TIMESTAMP,
  PRIMARY KEY (`pitchid`),
  KEY `userid` (`userid`)
) ENGINE=InnoDB  DEFAULT CHARSET=latin1 AUTO_INCREMENT=8 ;

--
-- Dumping data for table `pitches`
--

INSERT INTO `pitches` (`pitchid`, `userid`, `title`, `url`, `key0`, `daterecorded`) VALUES
(1, 0, 'Snap Test', 'tmp\\04_26_2014_04_04_12_pm.wav', 'keywords', '2014-04-26 23:04:12'),
(2, 1, 'Test', 'tmp\\104_26_2014_04_05_25_pm.wav', 'keyword', '2014-04-26 23:05:25'),
(3, 4, 'My project management experience', 'tmp\\404_27_2014_05_14_09_am.wav', 'creativity', '2014-04-27 12:14:09'),
(7, 4, '', 'tmp\\404_27_2014_07_09_41_pm.wav', '', '2014-04-28 02:09:41');

-- --------------------------------------------------------

--
-- Table structure for table `recruiter`
--

CREATE TABLE IF NOT EXISTS `recruiter` (
  `userid` int(11) NOT NULL,
  `companyid` varchar(11) NOT NULL,
  KEY `userid` (`userid`),
  KEY `companyid` (`companyid`)
) ENGINE=InnoDB DEFAULT CHARSET=latin1;

--
-- Dumping data for table `recruiter`
--

INSERT INTO `recruiter` (`userid`, `companyid`) VALUES
(5, 'wer'),
(6, ''),
(7, '');

-- --------------------------------------------------------

--
-- Table structure for table `savedjobseekers`
--

CREATE TABLE IF NOT EXISTS `savedjobseekers` (
  `jobid` int(20) NOT NULL,
  `jobseekerid` int(20) NOT NULL,
  `recruiterid` int(20) NOT NULL
) ENGINE=MyISAM DEFAULT CHARSET=utf8;

-- --------------------------------------------------------

--
-- Table structure for table `search`
--

CREATE TABLE IF NOT EXISTS `search` (
  `filtertype` varchar(200) NOT NULL
) ENGINE=MyISAM DEFAULT CHARSET=utf8;

-- --------------------------------------------------------

--
-- Table structure for table `user`
--

CREATE TABLE IF NOT EXISTS `user` (
  `userid` int(11) NOT NULL AUTO_INCREMENT,
  `firstname` varchar(50) NOT NULL,
  `lastname` varchar(50) NOT NULL,
  `password` varchar(200) NOT NULL,
  `email` varchar(50) NOT NULL,
  `jobseeker_TF` tinyint(1) NOT NULL,
  `recruiter_TF` tinyint(1) NOT NULL,
  `lastattempt` datetime NOT NULL,
  `loginattempts` int(11) NOT NULL,
  PRIMARY KEY (`userid`)
) ENGINE=InnoDB  DEFAULT CHARSET=latin1 AUTO_INCREMENT=9 ;

--
-- Dumping data for table `user`
--

INSERT INTO `user` (`userid`, `firstname`, `lastname`, `password`, `email`, `jobseeker_TF`, `recruiter_TF`, `lastattempt`, `loginattempts`) VALUES
(1, 'David', 'Bay', '$2y$10$TvgIZvDfaMHb96FkZl.0quG87B4W716MnlUXOKMprctFxehPKr8EW', 'dbay1991@gmail.com', 1, 0, '2014-04-26 16:04:59', 0),
(2, 'Tianbo', 'Li', '$2y$10$0cLzy2AM32tEZ8fmpFQ/1uTnXHiBrQ69NrRmMpRREJrKZp0m0GksO', 'litianbomc@gmail.com', 1, 0, '2014-04-26 23:27:12', 0),
(3, 'anthony', 'quach', '$2y$10$oM.hQNfw3lb1ZQOlHt5I2uMIIodQhLGLyWvXdkoLxFYTVUfw0E7Mm', 'anthony_quach@yahoo.com', 1, 0, '0000-00-00 00:00:00', 0),
(4, 'Michael', 'Ho', '$2y$10$YA2kSZEDuZG6pTBDKee5C.GA7rE.NKWX.iACZmNymeAMYS4hueEnC', 'michaesh@usc.edu', 1, 0, '2014-04-27 19:02:49', 0),
(5, 'adgdfag', 'er', '$2y$10$U80fsVQyTgFUs44pCPT9guo8nqfp1Y7faFrhjX0degF7THevCGYIu', 'wearwer', 0, 1, '0000-00-00 00:00:00', 0),
(6, 'minh', 'la', '$2y$10$DYq.ecoyuW9qW171Rs67sepuJEDMLXXwJ9.nwzxskgNLGm1GMgvU2', 'minh', 0, 1, '0000-00-00 00:00:00', 0),
(7, 'minh', 'la', '$2y$10$7PquX5Bxu/f9J0qDRLmIdeeNLgzlTiKZhwASIzvdzB66/9BMZiUei', 'lala', 0, 1, '2014-04-27 19:23:19', 0),
(8, 'wer', 'wer', '$2y$10$3QhTsKNOlYi1bjJcEpK/oO246bfUbqxMW3S2sD72rMiRvdSYKRU1i', 'wer@wer', 1, 0, '2014-04-27 19:20:34', 0);

--
-- Constraints for dumped tables
--

--
-- Constraints for table `job_recruiter`
--
ALTER TABLE `job_recruiter`
  ADD CONSTRAINT `jobid_job_job_recruiter_fk` FOREIGN KEY (`jobid`) REFERENCES `job` (`jobid`),
  ADD CONSTRAINT `userid_job_job_recruiter_fk` FOREIGN KEY (`userid`) REFERENCES `user` (`userid`);

/*!40101 SET CHARACTER_SET_CLIENT=@OLD_CHARACTER_SET_CLIENT */;
/*!40101 SET CHARACTER_SET_RESULTS=@OLD_CHARACTER_SET_RESULTS */;
/*!40101 SET COLLATION_CONNECTION=@OLD_COLLATION_CONNECTION */;
